Date,Open,High,Low,Close,Adj Close,Volume,Dividends,Symbol,Sector
2021-01-04,54.27722930908203,54.32706832885742,51.83500289916992,52.18389129638672,51.462074279785156,16040798,0.0,GE,consumer_goods
2021-01-05,51.984527587890625,54.227386474609375,51.93468475341797,53.679134368896484,52.93662643432617,16793346,0.0,GE,consumer_goods
2021-01-06,53.978179931640625,57.915645599365234,53.978179931640625,56.619773864746094,55.83659362792969,26400690,0.0,GE,consumer_goods
2021-01-07,57.616600036621094,57.66644287109375,56.02167510986328,56.171199798583984,55.394229888916016,15105891,0.0,GE,consumer_goods
2021-01-08,56.27088165283203,57.01850128173828,55.62294387817383,56.52008819580078,55.7382926940918,14590235,0.0,GE,consumer_goods
2021-01-11,55.37373733520508,57.46707534790039,55.12453079223633,57.06834411621094,56.278953552246094,13493535,0.0,GE,consumer_goods
2021-01-12,57.367393493652344,59.361045837402344,56.868980407714844,58.71310806274414,57.90097427368164,18346073,0.0,GE,consumer_goods
2021-01-13,58.71310806274414,58.9124755859375,57.417232513427734,57.66644287109375,56.8687858581543,10776915,0.0,GE,consumer_goods
2021-01-14,57.865806579589844,58.46390151977539,57.71628189086914,58.115013122558594,57.311153411865234,11879594,0.0,GE,consumer_goods
2021-01-15,57.81596374511719,57.81596374511719,56.07151794433594,56.47024917602539,55.68913269042969,14768762,0.0,GE,consumer_goods
2021-01-19,57.21786880493164,58.06517028808594,56.81913757324219,56.96866226196289,56.18064880371094,12740305,0.0,GE,consumer_goods
2021-01-20,57.31755065917969,57.31755065917969,56.32072448730469,56.76929473876953,55.98405075073242,11840751,0.0,GE,consumer_goods
2021-01-21,56.81913757324219,56.96866226196289,55.174373626708984,55.174373626708984,54.41118621826172,13162304,0.0,GE,consumer_goods
2021-01-22,54.675960540771484,55.72262954711914,54.32706832885742,55.37373733520508,54.6077880859375,10617570,0.0,GE,consumer_goods
2021-01-25,55.52326202392578,55.57310485839844,53.679134368896484,54.77564239501953,54.017967224121094,18462763,0.0,GE,consumer_goods
2021-01-26,59.959144592285156,60.955970764160156,55.82231140136719,56.27088165283203,55.492530822753906,42495519,0.0,GE,consumer_goods
2021-01-27,55.224212646484375,57.616600036621094,53.03119659423828,56.71945571899414,55.93489074707031,29983117,0.0,GE,consumer_goods
2021-01-28,56.868980407714844,57.168025970458984,55.174373626708984,55.27405548095703,54.50948715209961,18879766,0.0,GE,consumer_goods
2021-01-29,54.82548522949219,56.02167510986328,53.18071746826172,53.230560302734375,52.4942626953125,21921317,0.0,GE,consumer_goods
2021-02-01,54.12770462036133,54.82548522949219,53.03119659423828,53.52960968017578,52.78916931152344,13379614,0.0,GE,consumer_goods
2021-02-02,54.227386474609375,56.56993103027344,54.02802276611328,56.02167510986328,55.24676513671875,16946953,0.0,GE,consumer_goods
2021-02-03,56.02167510986328,56.32072448730469,55.174373626708984,55.82231140136719,55.05015563964844,10877474,0.0,GE,consumer_goods
2021-02-04,55.97183609008789,57.31755065917969,55.77246856689453,57.06834411621094,56.278953552246094,13396066,0.0,GE,consumer_goods
2021-02-05,57.367393493652344,57.56675720214844,56.420406341552734,56.81913757324219,56.0331916809082,10396669,0.0,GE,consumer_goods
2021-02-08,57.168025970458984,58.06517028808594,56.868980407714844,57.865806579589844,57.06539535522461,8517928,0.0,GE,consumer_goods
2021-02-09,57.616600036621094,57.81596374511719,56.868980407714844,57.51691436767578,56.72132110595703,10581235,0.0,GE,consumer_goods
2021-02-10,57.7661247253418,57.7661247253418,56.71945571899414,56.81913757324219,56.0331916809082,9140985,0.0,GE,consumer_goods
2021-02-11,56.76929473876953,57.168025970458984,55.77246856689453,57.118186950683594,56.3281135559082,10398836,0.0,GE,consumer_goods
2021-02-12,56.868980407714844,58.51374435424805,56.71945571899414,58.46390151977539,57.655208587646484,11725144,0.0,GE,consumer_goods
2021-02-16,58.9124755859375,59.70993423461914,58.71310806274414,59.66009521484375,58.83486557006836,12100796,0.0,GE,consumer_goods
2021-02-17,59.01215744018555,59.5604133605957,58.613426208496094,59.111839294433594,58.29418182373047,8615357,0.0,GE,consumer_goods
2021-02-18,59.01215744018555,59.111839294433594,57.367393493652344,57.96548843383789,57.163700103759766,9802022,0.0,GE,consumer_goods
2021-02-19,58.4140625,59.959144592285156,58.21469497680664,59.9093017578125,59.08061218261719,12248665,0.0,GE,consumer_goods
2021-02-22,60.15850830078125,63.29851150512695,59.959144592285156,62.30168533325195,61.43991470336914,19388781,0.0,GE,consumer_goods
2021-02-23,62.80009841918945,63.0493049621582,60.706764221191406,62.75025939941406,61.88228225708008,14454364,0.0,GE,consumer_goods
2021-02-24,63.79692459106445,66.53820037841797,63.0493049621582,65.39185333251953,64.48733520507812,21426186,0.0,GE,consumer_goods
2021-02-25,65.29216766357422,66.13947296142578,63.09914779663086,63.59756088256836,62.717857360839844,18526244,0.0,GE,consumer_goods
2021-02-26,63.198829650878906,63.99629211425781,61.85311508178711,62.50105285644531,61.63652420043945,17802448,0.0,GE,consumer_goods
2021-03-01,64.39501953125,66.23915100097656,63.74708557128906,65.34201049804688,64.43818664550781,15657201,0.0,GE,consumer_goods
2021-03-02,65.54137420654297,66.03978729248047,64.64422607421875,64.6940689086914,63.79920959472656,15490231,0.0,GE,consumer_goods
2021-03-03,65.24232482910156,67.88391876220703,65.04296112060547,66.98677062988281,66.0601806640625,23589309,0.0,GE,consumer_goods
2021-03-04,69.17979431152344,70.42582702636719,65.6908950805664,67.63471221923828,66.69917297363281,33418377,0.0,GE,consumer_goods
2021-03-05,68.78105926513672,68.83090209960938,65.49153137207031,67.78423309326172,66.89591217041016,21061930,0.0,GE,consumer_goods
2021-03-08,70.82455444335938,71.47249603271484,68.83090209960938,70.62519073486328,69.69965362548828,28835014,0.0,GE,consumer_goods
2021-03-09,70.27629852294922,71.87122344970703,68.93058776855469,69.77788543701172,68.86344146728516,22966413,0.0,GE,consumer_goods
2021-03-10,68.03343963623047,68.48200988769531,64.39501953125,66.03978729248047,65.17432403564453,44186284,0.0,GE,consumer_goods
2021-03-11,63.24867248535156,64.09597778320312,59.5604133605957,61.15533447265625,60.3538818359375,61355743,0.0,GE,consumer_goods
2021-03-12,61.00580978393555,62.8997802734375,60.955970764160156,62.700416564941406,61.878719329833984,26996039,0.0,GE,consumer_goods
2021-03-15,63.49787902832031,66.58804321289062,63.448036193847656,66.53820037841797,65.66622161865234,22351422,0.0,GE,consumer_goods
2021-03-16,66.43851470947266,66.53820037841797,65.14264678955078,65.54137420654297,64.68244934082031,14938641,0.0,GE,consumer_goods
2021-03-17,65.79058074951172,67.83407592773438,65.44168853759766,67.83407592773438,66.94509887695312,15895858,0.0,GE,consumer_goods
2021-03-18,67.73439025878906,68.23280334472656,65.74073791503906,66.03978729248047,65.17432403564453,12792812,0.0,GE,consumer_goods
2021-03-19,65.79058074951172,66.53820037841797,64.6940689086914,65.89026641845703,65.02676391601562,13737991,0.0,GE,consumer_goods
2021-03-22,65.59121704101562,65.98994445800781,64.44486236572266,65.44168853759766,64.5840835571289,10591427,0.0,GE,consumer_goods
2021-03-23,64.59439086914062,65.6908950805664,62.5508918762207,63.09914779663086,62.27223587036133,13172818,0.0,GE,consumer_goods
2021-03-24,63.59756088256836,64.8934326171875,62.30168533325195,62.30168533325195,61.4852180480957,12454218,0.0,GE,consumer_goods
2021-03-25,61.80327224731445,64.44486236572266,60.955970764160156,64.04613494873047,63.20680618286133,14725103,0.0,GE,consumer_goods
2021-03-26,64.54454803466797,65.44168853759766,63.34835433959961,64.74391174316406,63.895450592041016,12143472,0.0,GE,consumer_goods
2021-03-29,64.39501953125,65.04296112060547,63.697242736816406,64.54454803466797,63.698692321777344,10786807,0.0,GE,consumer_goods
2021-03-30,64.6940689086914,66.58804321289062,64.29534149169922,66.28899383544922,65.4202651977539,10618713,0.0,GE,consumer_goods
2021-03-31,66.6877212524414,66.93692779541016,65.44168853759766,65.44168853759766,64.5840835571289,12557044,0.0,GE,consumer_goods
2021-04-01,65.94010162353516,66.58804321289062,65.54137420654297,66.1893081665039,65.32188415527344,11874438,0.0,GE,consumer_goods
2021-04-05,67.13629913330078,67.63471221923828,66.63788604736328,67.08645629882812,66.207275390625,10180082,0.0,GE,consumer_goods
2021-04-06,67.08645629882812,67.28582000732422,66.63788604736328,66.78740692138672,65.91215515136719,8035938,0.0,GE,consumer_goods
2021-04-07,66.78740692138672,67.43534851074219,66.08963012695312,66.73756408691406,65.86296844482422,8379669,0.0,GE,consumer_goods
2021-04-08,66.08963012695312,67.28582000732422,65.24232482910156,67.03661346435547,66.1581039428711,11018763,0.0,GE,consumer_goods
2021-04-09,67.28582000732422,68.93058776855469,66.88709259033203,67.78423309326172,66.89591217041016,12689464,0.0,GE,consumer_goods
2021-04-12,67.83407592773438,68.18296813964844,67.13629913330078,67.73439025878906,66.84672546386719,8442187,0.0,GE,consumer_goods
2021-04-13,67.33566284179688,67.48518371582031,66.08963012695312,66.98677062988281,66.10890197753906,10277370,0.0,GE,consumer_goods
2021-04-14,66.93692779541016,68.73121643066406,66.88709259033203,68.18296813964844,67.28942108154297,12968951,0.0,GE,consumer_goods
2021-04-15,68.43217468261719,68.53185272216797,66.98677062988281,67.53502655029297,66.64997863769531,10208753,0.0,GE,consumer_goods
2021-04-16,67.93376159667969,68.18296813964844,66.53820037841797,66.73756408691406,65.86296844482422,10036727,0.0,GE,consumer_goods
2021-04-19,66.38867950439453,67.13629913330078,65.64105224609375,67.08645629882812,66.207275390625,9003729,0.0,GE,consumer_goods
2021-04-20,66.83724975585938,66.83724975585938,64.29534149169922,65.09280395507812,64.23976135253906,12330465,0.0,GE,consumer_goods
2021-04-21,64.44486236572266,66.6877212524414,63.647403717041016,66.53820037841797,65.66622161865234,9953202,0.0,GE,consumer_goods
2021-04-22,66.53820037841797,68.18296813964844,66.1893081665039,66.83724975585938,65.96134948730469,10555051,0.0,GE,consumer_goods
2021-04-23,67.28582000732422,67.83407592773438,66.58804321289062,67.53502655029297,66.64997863769531,9357311,0.0,GE,consumer_goods
2021-04-26,67.93376159667969,69.77788543701172,67.53502655029297,67.63471221923828,66.74835968017578,18815482,0.0,GE,consumer_goods
2021-04-27,67.28582000732422,67.48518371582031,64.34518432617188,67.23597717285156,66.35485076904297,30050351,0.0,GE,consumer_goods
2021-04-28,66.43851470947266,66.53820037841797,65.54137420654297,65.79058074951172,64.92839813232422,13261158,0.0,GE,consumer_goods
2021-04-29,65.6908950805664,66.23915100097656,65.1924819946289,65.84042358398438,64.97757720947266,11066635,0.0,GE,consumer_goods
2021-04-30,65.59121704101562,66.53820037841797,65.1924819946289,65.39185333251953,64.53489685058594,10011667,0.0,GE,consumer_goods
2021-05-03,65.98994445800781,67.43534851074219,65.64105224609375,67.03661346435547,66.1581039428711,12734908,0.0,GE,consumer_goods
2021-05-04,66.48835754394531,66.73756408691406,65.14264678955078,65.39185333251953,64.53489685058594,15557003,0.0,GE,consumer_goods
2021-05-05,65.59121704101562,66.23915100097656,65.24232482910156,65.84042358398438,64.97757720947266,11168297,0.0,GE,consumer_goods
2021-05-06,65.89026641845703,66.33883666992188,64.94327545166016,65.84042358398438,64.97757720947266,12595406,0.0,GE,consumer_goods
2021-05-07,65.59121704101562,66.48835754394531,65.14264678955078,66.28899383544922,65.4202651977539,10810442,0.0,GE,consumer_goods
2021-05-10,66.33883666992188,67.68455505371094,66.28899383544922,66.53820037841797,65.66622161865234,13154138,0.0,GE,consumer_goods
2021-05-11,65.74073791503906,66.23915100097656,64.49470520019531,65.24232482910156,64.38732147216797,13645738,0.0,GE,consumer_goods
2021-05-12,65.1924819946289,65.44168853759766,63.647403717041016,63.896610260009766,63.05923843383789,14215045,0.0,GE,consumer_goods
2021-05-13,63.79692459106445,64.99311828613281,63.398197174072266,64.64422607421875,63.79707336425781,13158312,0.0,GE,consumer_goods
2021-05-14,65.39185333251953,66.28899383544922,64.94327545166016,66.08963012695312,65.22351837158203,10167742,0.0,GE,consumer_goods
2021-05-17,65.94010162353516,66.48835754394531,65.39185333251953,65.54137420654297,64.68244934082031,15316179,0.0,GE,consumer_goods
2021-05-18,65.6908950805664,66.13947296142578,64.64422607421875,64.64422607421875,63.79707336425781,9816408,0.0,GE,consumer_goods
2021-05-19,64.29534149169922,65.29216766357422,63.74708557128906,65.24232482910156,64.38732147216797,11921066,0.0,GE,consumer_goods
2021-05-20,65.24232482910156,65.34201049804688,64.39501953125,65.09280395507812,64.23976135253906,9324527,0.0,GE,consumer_goods
2021-05-21,65.34201049804688,66.1893081665039,65.04296112060547,65.94010162353516,65.0759506225586,10697965,0.0,GE,consumer_goods
2021-05-24,66.23915100097656,66.33883666992188,65.39185333251953,65.6908950805664,64.83000946044922,7827397,0.0,GE,consumer_goods
2021-05-25,65.79058074951172,66.23915100097656,65.29216766357422,65.39185333251953,64.53489685058594,9496071,0.0,GE,consumer_goods
2021-05-26,65.39185333251953,66.93692779541016,64.99311828613281,66.78740692138672,65.91215515136719,12092309,0.0,GE,consumer_goods
2021-05-27,67.78423309326172,71.77154541015625,67.73439025878906,71.52233123779297,70.58502960205078,37035234,0.0,GE,consumer_goods
2021-05-28,71.2232894897461,71.47249603271484,69.92741394042969,70.07693481445312,69.15858459472656,14560581,0.0,GE,consumer_goods
2021-06-01,70.92424011230469,71.47249603271484,70.27629852294922,70.52550506591797,69.60126495361328,10087388,0.0,GE,consumer_goods
2021-06-02,70.67503356933594,70.67503356933594,69.82772827148438,70.2264633178711,69.30613708496094,8012785,0.0,GE,consumer_goods
2021-06-03,69.7280502319336,71.62201690673828,69.47884368896484,70.2264633178711,69.30613708496094,12672972,0.0,GE,consumer_goods
2021-06-04,70.57534790039062,70.77471160888672,69.08010864257812,69.57852172851562,68.66668701171875,12855029,0.0,GE,consumer_goods
2021-06-07,69.77788543701172,70.12677764892578,69.08010864257812,69.32931518554688,68.42076110839844,7493597,0.0,GE,consumer_goods
2021-06-08,69.62836456298828,69.7280502319336,68.38233184814453,69.27947235107422,68.3715591430664,8852489,0.0,GE,consumer_goods
2021-06-09,68.63153839111328,68.83090209960938,68.13312530517578,68.43217468261719,67.53536987304688,11189043,0.0,GE,consumer_goods
2021-06-10,68.83090209960938,69.12995147705078,67.73439025878906,67.93376159667969,67.04348754882812,9999489,0.0,GE,consumer_goods
2021-06-11,68.03343963623047,68.68138122558594,67.63471221923828,68.23280334472656,67.33861541748047,8500031,0.0,GE,consumer_goods
2021-06-14,68.68138122558594,68.93058776855469,66.83724975585938,67.13629913330078,66.2564697265625,9114079,0.0,GE,consumer_goods
2021-06-15,67.03661346435547,67.63471221923828,66.33883666992188,67.48518371582031,66.60079193115234,7629388,0.0,GE,consumer_goods
2021-06-16,67.28582000732422,68.03343963623047,66.23915100097656,66.98677062988281,66.10890197753906,14070907,0.0,GE,consumer_goods
2021-06-17,66.83724975585938,67.33566284179688,64.34518432617188,64.79375457763672,63.944637298583984,15451709,0.0,GE,consumer_goods
2021-06-18,63.99629211425781,64.8934326171875,63.54772186279297,63.697242736816406,62.86248779296875,16465184,0.0,GE,consumer_goods
2021-06-21,64.24549865722656,65.74073791503906,64.09597778320312,65.74073791503906,64.87920379638672,10825169,0.0,GE,consumer_goods
2021-06-22,65.39185333251953,65.79058074951172,64.49470520019531,64.94327545166016,64.09220123291016,7678083,0.0,GE,consumer_goods
2021-06-23,64.8934326171875,65.74073791503906,64.49470520019531,64.54454803466797,63.698692321777344,8763306,0.0,GE,consumer_goods
2021-06-24,65.09280395507812,65.79058074951172,64.39501953125,65.54137420654297,64.68244934082031,9594524,0.0,GE,consumer_goods
2021-06-25,65.59121704101562,65.98994445800781,65.29216766357422,65.59121704101562,64.78089904785156,6844839,0.0,GE,consumer_goods
2021-06-28,65.59121704101562,65.64105224609375,63.74708557128906,64.24549865722656,63.451812744140625,12396856,0.0,GE,consumer_goods
2021-06-29,65.09280395507812,65.94010162353516,64.59439086914062,65.24232482910156,64.43632507324219,13883493,0.0,GE,consumer_goods
2021-06-30,65.54137420654297,67.43534851074219,65.04296112060547,67.08645629882812,66.25765228271484,13754002,0.0,GE,consumer_goods
2021-07-01,67.68455505371094,67.93376159667969,66.58804321289062,67.1861343383789,66.35611724853516,9368346,0.0,GE,consumer_goods
2021-07-02,67.48518371582031,67.48518371582031,66.33883666992188,66.58804321289062,65.76542663574219,6653090,0.0,GE,consumer_goods
2021-07-06,66.1893081665039,66.38867950439453,63.896610260009766,64.39501953125,63.599491119384766,14172730,0.0,GE,consumer_goods
2021-07-07,64.1956558227539,65.1924819946289,63.49787902832031,64.6940689086914,63.89484786987305,12250973,0.0,GE,consumer_goods
2021-07-08,63.448036193847656,64.49470520019531,62.84994125366211,64.14581298828125,63.35334396362305,10798825,0.0,GE,consumer_goods
2021-07-09,64.84359741210938,65.74073791503906,64.49470520019531,65.59121704101562,64.78089904785156,8290767,0.0,GE,consumer_goods
2021-07-12,65.09280395507812,65.49153137207031,64.29534149169922,65.34201049804688,64.53478240966797,11187237,0.0,GE,consumer_goods
2021-07-13,65.24232482910156,65.24232482910156,64.1956558227539,64.24549865722656,63.451812744140625,7907410,0.0,GE,consumer_goods
2021-07-14,64.1956558227539,64.6940689086914,63.398197174072266,63.84676742553711,63.058006286621094,8970443,0.0,GE,consumer_goods
2021-07-15,63.24867248535156,64.39501953125,62.65057373046875,63.59756088256836,62.81187438964844,10310877,0.0,GE,consumer_goods
2021-07-16,63.79692459106445,64.14581298828125,62.4013671875,62.5508918762207,61.778141021728516,9141767,0.0,GE,consumer_goods
2021-07-19,60.7566032409668,61.00580978393555,58.9124755859375,59.80961990356445,59.07072830200195,19842400,0.0,GE,consumer_goods
2021-07-20,59.859458923339844,63.49787902832031,59.7597770690918,63.29851150512695,62.516517639160156,15072405,0.0,GE,consumer_goods
2021-07-21,63.74708557128906,65.34201049804688,63.647403717041016,65.1924819946289,64.38709259033203,13548149,0.0,GE,consumer_goods
2021-07-22,65.04296112060547,65.09280395507812,63.29851150512695,63.29851150512695,62.516517639160156,8712244,0.0,GE,consumer_goods
2021-07-23,63.79692459106445,64.1956558227539,62.949623107910156,63.34835433959961,62.56574630737305,7579911,0.0,GE,consumer_goods
2021-07-26,63.09914779663086,64.49470520019531,62.949623107910156,64.39501953125,63.599491119384766,10800049,0.0,GE,consumer_goods
2021-07-27,66.43851470947266,67.13629913330078,63.79692459106445,65.1924819946289,64.38709259033203,23964901,0.0,GE,consumer_goods
2021-07-28,65.54137420654297,67.1861343383789,64.99311828613281,65.44168853759766,64.63321685791016,13757312,0.0,GE,consumer_goods
2021-07-29,65.74073791503906,66.6877212524414,65.24232482910156,66.23915100097656,65.42082977294922,10889854,0.0,GE,consumer_goods
2021-07-30,65.59121704101562,65.89026641845703,64.39501953125,64.54454803466797,63.747161865234375,12050777,0.0,GE,consumer_goods
2021-08-02,65.09280395507812,66.79364013671875,62.569583892822266,62.67549514770508,61.901206970214844,39943542,0.0,GE,consumer_goods
2021-08-03,62.42628860473633,64.29534149169922,61.124183654785156,64.20811462402344,63.414886474609375,23177543,0.0,GE,consumer_goods
2021-08-04,63.429344177246094,64.45109558105469,63.2112922668457,64.11466217041016,63.32258605957031,22702917,0.0,GE,consumer_goods
2021-08-05,64.17073822021484,65.1924819946289,63.87168884277344,64.18319702148438,63.39027404785156,13050690,0.0,GE,consumer_goods
2021-08-06,64.39501953125,65.5787582397461,64.39501953125,65.11772155761719,64.31326293945312,17637083,0.0,GE,consumer_goods
2021-08-09,64.51962280273438,64.96196746826172,63.566410064697266,64.61307525634766,63.814842224121094,12768033,0.0,GE,consumer_goods
2021-08-10,64.67537689208984,66.2453842163086,64.29534149169922,66.08963012695312,65.27316284179688,12930790,0.0,GE,consumer_goods
2021-08-11,66.17062377929688,66.17062377929688,64.68161010742188,66.06470489501953,65.24854278564453,13330458,0.0,GE,consumer_goods
2021-08-12,66.15815734863281,66.80609893798828,65.56629180908203,66.36375427246094,65.54389953613281,10270509,0.0,GE,consumer_goods
2021-08-13,66.3512954711914,66.42605590820312,65.15510559082031,65.36692810058594,64.55939483642578,9020462,0.0,GE,consumer_goods
2021-08-16,64.93704986572266,64.98065948486328,63.697242736816406,64.3887939453125,63.59334182739258,11101144,0.0,GE,consumer_goods
2021-08-17,63.88414764404297,64.33895111083984,62.525970458984375,63.31097412109375,62.528831481933594,13125487,0.0,GE,consumer_goods
2021-08-18,62.974544525146484,64.46355438232422,62.77518081665039,63.18014144897461,62.39961242675781,10427487,0.0,GE,consumer_goods
2021-08-19,62.30168533325195,62.81256103515625,61.42946243286133,61.94033432006836,61.17512512207031,17344153,0.0,GE,consumer_goods
2021-08-20,62.04624938964844,62.71910858154297,61.740970611572266,62.33283615112305,61.56277084350586,10203095,0.0,GE,consumer_goods
2021-08-23,62.67549514770508,63.223751068115234,62.46989822387695,62.90601348876953,62.128868103027344,9642436,0.0,GE,consumer_goods
2021-08-24,63.105377197265625,64.48847198486328,62.96208572387695,64.33895111083984,63.544105529785156,11007246,0.0,GE,consumer_goods
2021-08-25,64.39501953125,65.49776458740234,63.890380859375,65.22986602783203,64.42401885986328,12627427,0.0,GE,consumer_goods
2021-08-26,65.08033752441406,65.18002319335938,64.07105255126953,64.40748596191406,63.61179733276367,13107992,0.0,GE,consumer_goods
2021-08-27,64.73145294189453,66.13323974609375,64.73145294189453,66.09585571289062,65.27931213378906,12473178,0.0,GE,consumer_goods
2021-08-30,66.2453842163086,66.32637786865234,65.29216766357422,65.53514099121094,64.72551727294922,11469513,0.0,GE,consumer_goods
2021-08-31,65.37938690185547,66.26407623291016,65.08033752441406,65.67221069335938,64.86089324951172,17641256,0.0,GE,consumer_goods
2021-09-01,65.64105224609375,65.70958709716797,64.33271789550781,64.58192443847656,63.78407287597656,12789542,0.0,GE,consumer_goods
2021-09-02,64.79375457763672,66.2516098022461,64.78129577636719,66.20177459716797,65.38391876220703,13633178,0.0,GE,consumer_goods
2021-09-03,66.03978729248047,66.88709259033203,64.84359741210938,65.26101684570312,64.45478057861328,12225833,0.0,GE,consumer_goods
2021-09-07,65.10526275634766,65.37938690185547,63.7408561706543,64.35140991210938,63.5564079284668,17639170,0.0,GE,consumer_goods
2021-09-08,64.13958740234375,65.2485580444336,62.5633544921875,63.9090690612793,63.11953353881836,19263203,0.0,GE,consumer_goods
2021-09-09,63.77200698852539,65.36692810058594,63.61625289916992,64.35140991210938,63.5564079284668,15066205,0.0,GE,consumer_goods
2021-09-10,64.35140991210938,64.76260375976562,63.4106559753418,63.54772186279297,62.76265335083008,15350467,0.0,GE,consumer_goods
2021-09-13,63.95268249511719,65.32955169677734,63.5601806640625,65.08033752441406,64.27632904052734,20038302,0.0,GE,consumer_goods
2021-09-14,65.13018035888672,65.13641357421875,62.345298767089844,62.53843307495117,61.765830993652344,25717763,0.0,GE,consumer_goods
2021-09-15,62.79386901855469,63.840538024902344,62.7315673828125,63.647403717041016,62.86110305786133,13007192,0.0,GE,consumer_goods
2021-09-16,63.79069519042969,63.983829498291016,62.81256103515625,63.13652801513672,62.356536865234375,9601506,0.0,GE,consumer_goods
2021-09-17,63.01815414428711,63.46049880981445,62.3826789855957,62.594505310058594,61.82121276855469,17203387,0.0,GE,consumer_goods
2021-09-20,61.36716079711914,62.22069549560547,60.60084915161133,62.183311462402344,61.415096282958984,16217539,0.0,GE,consumer_goods
2021-09-21,62.239383697509766,62.29545593261719,59.940452575683594,60.320491790771484,59.575294494628906,25342171,0.0,GE,consumer_goods
2021-09-22,60.85005569458008,61.69736099243164,60.84382629394531,61.39208221435547,60.633644104003906,18002884,0.0,GE,consumer_goods
2021-09-23,62.00886917114258,64.84359741210938,62.00263977050781,64.14581298828125,63.35334396362305,18620844,0.0,GE,consumer_goods
2021-09-24,63.95891189575195,64.9183578491211,63.921531677246094,64.66915130615234,63.919891357421875,10528608,0.0,GE,consumer_goods
2021-09-27,65.13641357421875,66.2453842163086,65.03672790527344,65.63482666015625,64.8743896484375,12971559,0.0,GE,consumer_goods
2021-09-28,65.59744262695312,66.50704956054688,65.2485580444336,65.87157440185547,65.1083755493164,20146646,0.0,GE,consumer_goods
2021-09-29,66.03978729248047,66.66280364990234,65.60990142822266,66.2142333984375,65.44707489013672,11876404,0.0,GE,consumer_goods
2021-09-30,66.26407623291016,66.7188720703125,64.13958740234375,64.1894302368164,63.44572448730469,14356273,0.0,GE,consumer_goods
2021-10-01,64.90589904785156,66.28276062011719,64.5881576538086,65.92764282226562,65.16381072998047,12992425,0.0,GE,consumer_goods
2021-10-04,65.66597747802734,66.712646484375,65.16756439208984,65.3544692993164,64.59727478027344,12288913,0.0,GE,consumer_goods
2021-10-05,65.45414733886719,66.03978729248047,64.63800048828125,65.3544692993164,64.59727478027344,9208740,0.0,GE,consumer_goods
2021-10-06,64.59439086914062,65.055419921875,63.58510208129883,64.99935150146484,64.24626922607422,11257962,0.0,GE,consumer_goods
2021-10-07,65.31708526611328,66.36998748779297,64.99935150146484,65.73451232910156,64.97289276123047,10684302,0.0,GE,consumer_goods
2021-10-08,65.64728546142578,66.17684936523438,65.20494842529297,65.24232482910156,64.4864273071289,6859525,0.0,GE,consumer_goods
2021-10-11,65.31708526611328,65.89026641845703,64.77506256103516,64.84359741210938,64.09230041503906,6615872,0.0,GE,consumer_goods
2021-10-12,64.51962280273438,64.81867218017578,63.27359390258789,63.99629211425781,63.25483322143555,13722903,0.0,GE,consumer_goods
2021-10-13,63.67232131958008,64.29534149169922,63.03684616088867,63.77200698852539,63.033145904541016,12065484,0.0,GE,consumer_goods
2021-10-14,64.2579574584961,64.57569885253906,63.778236389160156,64.00875091552734,63.267147064208984,9853826,0.0,GE,consumer_goods
2021-10-15,64.57569885253906,65.97748565673828,64.28910827636719,65.04918670654297,64.2955322265625,9069257,0.0,GE,consumer_goods
2021-10-18,64.59439086914062,65.14887237548828,64.1956558227539,64.86851501464844,64.11695098876953,6653913,0.0,GE,consumer_goods
2021-10-19,65.15510559082031,65.39807891845703,64.53208923339844,65.2485580444336,64.49259185791016,6767714,0.0,GE,consumer_goods
2021-10-20,65.26101684570312,66.05224609375,64.71276092529297,66.03978729248047,65.27465057373047,9803748,0.0,GE,consumer_goods
2021-10-21,65.89026641845703,66.28276062011719,64.17696380615234,64.26419067382812,63.51962661743164,11588129,0.0,GE,consumer_goods
2021-10-22,64.20188903808594,65.11148834228516,63.890380859375,64.82490539550781,64.07384490966797,8595273,0.0,GE,consumer_goods
2021-10-25,64.56946563720703,66.03355407714844,64.37633514404297,65.60367584228516,64.84359741210938,10427005,0.0,GE,consumer_goods
2021-10-26,65.89026641845703,69.13618469238281,65.5538330078125,66.93692779541016,66.16139221191406,18781193,0.0,GE,consumer_goods
2021-10-27,67.2110595703125,67.46026611328125,64.60061645507812,64.70030212402344,63.9506721496582,14420637,0.0,GE,consumer_goods
2021-10-28,64.41371154785156,65.65351867675781,64.23303985595703,65.5787582397461,64.81896209716797,9487384,0.0,GE,consumer_goods
2021-10-29,65.3856201171875,65.56629180908203,64.86851501464844,65.33577728271484,64.57879638671875,9018536,0.0,GE,consumer_goods
2021-11-01,65.89026641845703,66.5195083618164,65.59121704101562,66.1830825805664,65.41629028320312,7844250,0.0,GE,consumer_goods
2021-11-02,66.2516098022461,66.7500228881836,65.60367584228516,66.46966552734375,65.69955444335938,7192101,0.0,GE,consumer_goods
2021-11-03,66.13947296142578,66.2516098022461,65.30462646484375,66.0210952758789,65.25617218017578,6599661,0.0,GE,consumer_goods
2021-11-04,65.95879364013672,66.28899383544922,64.97442626953125,65.547607421875,64.78816986083984,7505094,0.0,GE,consumer_goods
2021-11-05,66.61919403076172,68.31379699707031,66.56935119628906,67.74685668945312,66.96195220947266,12202399,0.0,GE,consumer_goods
2021-11-08,68.15804290771484,68.72499084472656,67.48518371582031,67.5474853515625,66.76488494873047,8305554,0.0,GE,consumer_goods
2021-11-09,71.47872161865234,72.37586975097656,68.83090209960938,69.3355484008789,68.53221893310547,40325875,0.0,GE,consumer_goods
2021-11-10,70.08939361572266,70.2015380859375,67.35435485839844,67.88391876220703,67.097412109375,13952431,0.0,GE,consumer_goods
2021-11-11,67.62847900390625,68.28264617919922,66.52574157714844,66.66280364990234,65.89045715332031,8848557,0.0,GE,consumer_goods
2021-11-12,66.9120101928711,67.2422103881836,66.32637786865234,67.03038024902344,66.25375366210938,12240118,0.0,GE,consumer_goods
2021-11-15,67.30451202392578,67.70323944091797,66.16439056396484,66.45720672607422,65.68724060058594,9831034,0.0,GE,consumer_goods
2021-11-16,66.13323974609375,66.17062377929688,64.05859375,64.3887939453125,63.64279556274414,19257424,0.0,GE,consumer_goods
2021-11-17,64.60684967041016,64.718994140625,63.186370849609375,63.54148864746094,62.8052978515625,13334471,0.0,GE,consumer_goods
2021-11-18,63.19260025024414,63.42311477661133,61.79081344604492,62.71910858154297,61.99245071411133,13692888,0.0,GE,consumer_goods
2021-11-19,62.17708206176758,62.762718200683594,61.86557388305664,62.276763916015625,61.55522537231445,10598911,0.0,GE,consumer_goods
2021-11-22,62.594505310058594,63.529029846191406,62.476131439208984,62.949623107910156,62.22028732299805,9962170,0.0,GE,consumer_goods
2021-11-23,63.4106559753418,63.67855453491211,63.01815414428711,63.59756088256836,62.8607177734375,9648856,0.0,GE,consumer_goods
2021-11-24,63.46049880981445,63.74708557128906,63.11783981323242,63.69101333618164,62.95309066772461,8943739,0.0,GE,consumer_goods
2021-11-26,60.22080993652344,61.11795425415039,59.50434112548828,60.955970764160156,60.249732971191406,13815999,0.0,GE,consumer_goods
2021-11-29,61.846885681152344,62.569583892822266,60.32672119140625,61.30485916137695,60.594581604003906,15692352,0.0,GE,consumer_goods
2021-11-30,60.20834732055664,60.70053482055664,58.85640335083008,59.18037033081055,58.49470520019531,18313148,0.0,GE,consumer_goods
2021-12-01,60.152278900146484,60.364105224609375,57.9031867980957,57.94056701660156,57.2692756652832,13895451,0.0,GE,consumer_goods
2021-12-02,58.68818664550781,59.67255401611328,57.82219314575195,59.32989501953125,58.64249801635742,9782400,0.0,GE,consumer_goods
2021-12-03,59.26759338378906,59.404659271240234,57.14933776855469,57.79727554321289,57.12763214111328,12973646,0.0,GE,consumer_goods
2021-12-06,58.470130920410156,60.364105224609375,58.090091705322266,59.81584930419922,59.12282180786133,10721861,0.0,GE,consumer_goods
2021-12-07,60.18342971801758,61.26124954223633,59.996524810791016,60.77529525756836,60.07115173339844,8104115,0.0,GE,consumer_goods
2021-12-08,60.77529525756836,61.64128875732422,60.42017364501953,61.230098724365234,60.520687103271484,7635106,0.0,GE,consumer_goods
2021-12-09,60.912357330322266,61.17402648925781,60.43263626098633,60.949737548828125,60.24357604980469,6527432,0.0,GE,consumer_goods
2021-12-10,61.111724853515625,61.404541015625,60.0899772644043,60.401485443115234,59.7016716003418,6863859,0.0,GE,consumer_goods
2021-12-13,59.79092788696289,60.0588264465332,57.828426361083984,58.02156066894531,57.34932327270508,11843339,0.0,GE,consumer_goods
2021-12-14,57.784812927246094,58.60096740722656,57.143104553222656,57.38608169555664,56.72121047973633,11654259,0.0,GE,consumer_goods
2021-12-15,57.45461654663086,57.5729866027832,56.183658599853516,57.367393493652344,56.702728271484375,12350388,0.0,GE,consumer_goods
2021-12-16,57.64152145385742,58.77540969848633,57.44215393066406,57.64775085449219,56.9798469543457,11440140,0.0,GE,consumer_goods
2021-12-17,57.59790802001953,57.98418045043945,56.14004898071289,56.974891662597656,56.314781188964844,14550168,0.0,GE,consumer_goods
2021-12-20,56.07151794433594,56.133819580078125,54.931396484375,56.05905532836914,55.45806884765625,9651745,0.0,GE,consumer_goods
2021-12-21,56.52008819580078,58.35799026489258,56.52008819580078,57.97794723510742,57.35639190673828,12227117,0.0,GE,consumer_goods
2021-12-22,57.89072799682617,58.382911682128906,57.417232513427734,57.98418045043945,57.36255645751953,7485993,0.0,GE,consumer_goods
2021-12-23,58.127471923828125,58.9000129699707,58.127471923828125,58.56358337402344,57.93574523925781,6236589,0.0,GE,consumer_goods
2021-12-27,58.33306884765625,58.98100662231445,58.220924377441406,58.94985580444336,58.31787109375,5503703,0.0,GE,consumer_goods
2021-12-28,58.83148193359375,59.859458923339844,58.71310806274414,59.37350845336914,58.73699188232422,6503676,0.0,GE,consumer_goods
2021-12-29,59.18660354614258,59.48564910888672,58.837711334228516,59.05576705932617,58.42265701293945,5602577,0.0,GE,consumer_goods
2021-12-30,58.97477722167969,59.797157287597656,58.89378356933594,58.999698638916016,58.3671875,5247049,0.0,GE,consumer_goods
2021-12-31,58.875091552734375,59.167911529541016,58.50128173828125,58.85640335083008,58.22542953491211,6092452,0.0,GE,consumer_goods
2022-01-03,59.323665618896484,60.706764221191406,59.030845642089844,59.959144592285156,59.316349029541016,7415209,0.0,GE,consumer_goods
2022-01-04,61.54160690307617,62.33283615112305,61.111724853515625,61.909183502197266,61.245479583740234,12237390,0.0,GE,consumer_goods
2022-01-05,62.13347244262695,63.41688537597656,61.859344482421875,61.909183502197266,61.245479583740234,9461542,0.0,GE,consumer_goods
2022-01-06,62.5820426940918,62.974544525146484,61.94033432006836,62.27053451538086,61.602962493896484,6864983,0.0,GE,consumer_goods
2022-01-07,62.17708206176758,63.697242736816406,62.15839385986328,63.17390823364258,62.496646881103516,10029103,0.0,GE,consumer_goods
2022-01-10,63.37327575683594,63.54772186279297,61.64128875732422,61.94033432006836,61.27629852294922,9259300,0.0,GE,consumer_goods
2022-01-11,62.48236083984375,63.778236389160156,62.28299331665039,63.41688537597656,62.737022399902344,9107137,0.0,GE,consumer_goods
2022-01-12,63.19260025024414,63.933990478515625,63.16144943237305,63.697242736816406,63.01436233520508,7316816,0.0,GE,consumer_goods
2022-01-13,63.7283935546875,64.57569885253906,63.42311477661133,63.83430862426758,63.14997100830078,7034320,0.0,GE,consumer_goods
2022-01-14,63.33589553833008,64.33895111083984,62.868629455566406,64.27041625976562,63.581398010253906,7030789,0.0,GE,consumer_goods
2022-01-18,63.896610260009766,64.62554168701172,63.647403717041016,64.10220336914062,63.41498565673828,13499795,0.0,GE,consumer_goods
2022-01-19,63.97760009765625,64.16450500488281,62.594505310058594,62.687957763671875,62.01591110229492,9147425,0.0,GE,consumer_goods
2022-01-20,62.44498062133789,63.41688537597656,61.03696060180664,61.21140670776367,60.5551872253418,9045502,0.0,GE,consumer_goods
2022-01-21,60.86874771118164,61.27370834350586,59.72239685058594,59.996524810791016,59.353328704833984,12964978,0.0,GE,consumer_goods
2022-01-24,58.9311637878418,60.706764221191406,57.498226165771484,60.376564025878906,59.72929000854492,15847565,0.0,GE,consumer_goods
2022-01-25,56.76929473876953,57.54183578491211,55.01239013671875,56.763065338134766,56.1545295715332,33629909,0.0,GE,consumer_goods
2022-01-26,57.012271881103516,57.261478424072266,54.856632232666016,55.647865295410156,55.05129623413086,17073695,0.0,GE,consumer_goods
2022-01-27,56.07151794433594,57.17425537109375,54.86909484863281,56.00921630859375,55.40876770019531,12527109,0.0,GE,consumer_goods
2022-01-28,55.635406494140625,57.417232513427734,55.35504913330078,57.379852294921875,56.76470184326172,10398756,0.0,GE,consumer_goods
2022-01-31,57.0745735168457,58.9124755859375,56.713226318359375,58.862632751464844,58.231590270996094,11238219,0.0,GE,consumer_goods
2022-02-01,59.18660354614258,61.317317962646484,59.030845642089844,61.02450180053711,60.37028503417969,13080224,0.0,GE,consumer_goods
2022-02-02,60.85005569458008,61.4170036315918,59.9093017578125,61.08057403564453,60.42575454711914,8926564,0.0,GE,consumer_goods
2022-02-03,60.52608871459961,61.778350830078125,60.152278900146484,61.2550163269043,60.598323822021484,9972924,0.0,GE,consumer_goods
2022-02-04,60.86874771118164,62.33283615112305,60.83136749267578,61.684898376464844,61.02360153198242,10278374,0.0,GE,consumer_goods
2022-02-07,61.909183502197266,62.66926574707031,61.36716079711914,62.239383697509766,61.572139739990234,7039456,0.0,GE,consumer_goods
2022-02-08,62.28922653198242,62.61319351196289,61.44815444946289,61.871803283691406,61.20850372314453,8279712,0.0,GE,consumer_goods
2022-02-09,62.45743942260742,62.594505310058594,61.7534294128418,61.83442306518555,61.17152404785156,10632457,0.0,GE,consumer_goods
2022-02-10,61.29862976074219,62.725337982177734,61.0556526184082,61.54783630371094,60.888004302978516,8848717,0.0,GE,consumer_goods
2022-02-11,61.69112777709961,62.44498062133789,59.915531158447266,60.32672119140625,59.67998504638672,11966771,0.0,GE,consumer_goods
2022-02-14,60.25196075439453,60.68184280395508,59.535491943359375,60.18342971801758,59.53822708129883,11172731,0.0,GE,consumer_goods
2022-02-15,61.04942321777344,63.16144943237305,61.02450180053711,62.87486267089844,62.200809478759766,10741924,0.0,GE,consumer_goods
2022-02-16,62.357757568359375,63.49164962768555,62.233154296875,63.18014144897461,62.50281524658203,7850670,0.0,GE,consumer_goods
2022-02-17,62.51974105834961,62.569583892822266,60.98088836669922,61.34223937988281,60.68461990356445,6229366,0.0,GE,consumer_goods
2022-02-18,61.317317962646484,61.65998077392578,57.2677116394043,57.747432708740234,57.12834548950195,25110235,0.0,GE,consumer_goods
2022-02-22,57.71628189086914,59.323665618896484,57.548065185546875,58.65703582763672,58.0281982421875,12349746,0.0,GE,consumer_goods
2022-02-23,58.4327507019043,59.09938049316406,57.510684967041016,57.722511291503906,57.103694915771484,11839969,0.0,GE,consumer_goods
2022-02-24,56.4390983581543,57.996639251708984,54.638580322265625,57.65398025512695,57.03589630126953,18285861,0.0,GE,consumer_goods
2022-02-25,58.196006774902344,60.69430160522461,57.97794723510742,60.04013442993164,59.3964729309082,11191511,0.0,GE,consumer_goods
2022-02-28,59.037078857421875,59.69747543334961,58.64457702636719,59.50434112548828,58.86642074584961,10142743,0.0,GE,consumer_goods
2022-03-01,59.16168212890625,59.84700012207031,57.2365608215332,57.52314758300781,56.90647506713867,10806289,0.0,GE,consumer_goods
2022-03-02,58.22715759277344,59.155452728271484,57.99040985107422,58.663265228271484,58.03436279296875,7131107,0.0,GE,consumer_goods
2022-03-03,59.14921951293945,59.37350845336914,57.305091857910156,57.59790802001953,56.98042297363281,7420184,0.0,GE,consumer_goods
2022-03-04,56.208580017089844,56.37056350708008,54.52643585205078,55.53572463989258,54.94034194946289,13545059,0.0,GE,consumer_goods
2022-03-07,55.24290466308594,55.5793342590332,53.137107849121094,53.193180084228516,52.67018508911133,11428423,0.0,GE,consumer_goods
2022-03-08,54.22115707397461,56.35187530517578,53.29909133911133,54.91893768310547,54.37897491455078,11006283,0.0,GE,consumer_goods
2022-03-09,56.98112106323242,57.9343376159668,56.7568359375,56.85028839111328,56.291343688964844,10394261,0.0,GE,consumer_goods
2022-03-10,54.68218994140625,57.06834411621094,54.48282241821289,56.90013122558594,56.34069061279297,13026132,0.0,GE,consumer_goods
2022-03-11,57.81596374511719,58.326839447021484,57.1057243347168,57.49199676513672,56.9267463684082,11342229,0.0,GE,consumer_goods
2022-03-14,57.591678619384766,58.55735397338867,57.28017044067383,57.59790802001953,57.03160858154297,9700540,0.0,GE,consumer_goods
2022-03-15,58.09632110595703,58.28945541381836,56.85651779174805,57.535606384277344,56.96992492675781,8189827,0.0,GE,consumer_goods
2022-03-16,58.2333869934082,59.46072769165039,57.77858352661133,58.999698638916016,58.41961669921875,8954332,0.0,GE,consumer_goods
2022-03-17,58.68818664550781,59.54172134399414,58.13370132446289,59.51679992675781,58.93163299560547,6982315,0.0,GE,consumer_goods
2022-03-18,59.55418014526367,59.75354766845703,58.9124755859375,59.55418014526367,58.96864700317383,11872231,0.0,GE,consumer_goods
2022-03-21,58.84394073486328,59.63517379760742,58.34552764892578,59.074459075927734,58.49364471435547,8799280,0.0,GE,consumer_goods
2022-03-22,59.336124420166016,59.952911376953125,58.93739318847656,59.124298095703125,58.542991638183594,7730288,0.0,GE,consumer_goods
2022-03-23,58.92493438720703,58.97477722167969,58.25830841064453,58.376678466796875,57.8027229309082,7854202,0.0,GE,consumer_goods
2022-03-24,58.80656051635742,58.825252532958984,58.34552764892578,58.63834762573242,58.06182098388672,8561245,0.0,GE,consumer_goods
2022-03-25,58.837711334228516,59.130531311035156,58.196006774902344,58.576045989990234,58.00012969970703,9227359,0.0,GE,consumer_goods
2022-03-28,58.31437683105469,58.339298248291016,56.52008819580078,57.31755065917969,56.754005432128906,12069336,0.0,GE,consumer_goods
2022-03-29,57.95302963256836,59.167911529541016,57.95302963256836,58.96854782104492,58.388771057128906,13794811,0.0,GE,consumer_goods
2022-03-30,58.326839447021484,59.27382278442383,58.127471923828125,58.92493438720703,58.345584869384766,9042452,0.0,GE,consumer_goods
2022-03-31,58.40782928466797,58.532432556152344,56.98735046386719,57.00604248046875,56.445560455322266,13203013,0.0,GE,consumer_goods
2022-04-01,57.379852294921875,57.66644287109375,56.763065338134766,57.62282943725586,57.0562858581543,9054811,0.0,GE,consumer_goods
2022-04-04,57.42969512939453,57.51691436767578,56.632232666015625,57.33000946044922,56.7663459777832,8249536,0.0,GE,consumer_goods
2022-04-05,57.1057243347168,57.52937698364258,56.015445709228516,56.133819580078125,55.581912994384766,10787509,0.0,GE,consumer_goods
2022-04-06,55.67901611328125,56.17742919921875,54.713340759277344,56.015445709228516,55.46470642089844,10556215,0.0,GE,consumer_goods
2022-04-07,55.959373474121094,56.121360778808594,54.25853729248047,55.73508834838867,55.18709945678711,11391666,0.0,GE,consumer_goods
2022-04-08,55.753780364990234,56.23973083496094,55.211753845214844,55.9095344543457,55.359832763671875,6447980,0.0,GE,consumer_goods
2022-04-11,55.78493118286133,57.06211471557617,55.46718978881836,55.86592102050781,55.316650390625,8655143,0.0,GE,consumer_goods
2022-04-12,56.07151794433594,56.9063606262207,55.635406494140625,56.07151794433594,55.52022933959961,7240254,0.0,GE,consumer_goods
2022-04-13,56.171199798583984,56.974891662597656,56.06528854370117,56.538780212402344,55.98290252685547,6362268,0.0,GE,consumer_goods
2022-04-14,56.71945571899414,57.41100311279297,56.464019775390625,56.588619232177734,56.03224182128906,6146543,0.0,GE,consumer_goods
2022-04-18,56.67584228515625,57.00604248046875,56.00921630859375,56.32072448730469,55.7669792175293,6291965,0.0,GE,consumer_goods
2022-04-19,56.56993103027344,57.47953414916992,56.56993103027344,57.2552490234375,56.692317962646484,7394824,0.0,GE,consumer_goods
2022-04-20,57.629058837890625,58.00910186767578,56.85028839111328,56.94374084472656,56.383872985839844,6424385,0.0,GE,consumer_goods
2022-04-21,57.90941619873047,58.42652130126953,56.962432861328125,57.143104553222656,56.581275939941406,7225326,0.0,GE,consumer_goods
2022-04-22,56.62600326538086,56.881439208984375,55.436038970947266,55.49211120605469,54.94651412963867,7967682,0.0,GE,consumer_goods
2022-04-25,55.136993408203125,56.07151794433594,53.940799713134766,55.99675369262695,55.446197509765625,11080599,0.0,GE,consumer_goods
2022-04-26,52.9252815246582,53.099727630615234,48.85075378417969,50.208927154541016,49.71527862548828,46154289,0.0,GE,consumer_goods
2022-04-27,49.84135055541992,50.9316291809082,48.51432418823242,48.72615051269531,48.2470817565918,20213257,0.0,GE,consumer_goods
2022-04-28,48.83829116821289,49.03142547607422,47.255828857421875,48.427101135253906,47.95096969604492,19277327,0.0,GE,consumer_goods
2022-04-29,48.2775764465332,48.676307678222656,46.32130432128906,46.44590759277344,45.9892578125,16677077,0.0,GE,consumer_goods
2022-05-02,46.15932083129883,47.24336624145508,45.23725509643555,47.06892395019531,46.606143951416016,18536095,0.0,GE,consumer_goods
2022-05-03,47.87884521484375,48.76353073120117,47.336822509765625,48.383487701416016,47.907779693603516,12595004,0.0,GE,consumer_goods
2022-05-04,48.713687896728516,50.32107162475586,48.1093635559082,50.10924530029297,49.616573333740234,12019739,0.0,GE,consumer_goods
2022-05-05,49.455078125,49.89118957519531,48.321189880371094,48.962894439697266,48.48149490356445,11491503,0.0,GE,consumer_goods
2022-05-06,48.80091094970703,48.83829116821289,47.467655181884766,48.738609313964844,48.25941467285156,8609237,0.0,GE,consumer_goods
2022-05-09,47.835235595703125,47.9473762512207,45.193641662597656,45.46154022216797,45.014564514160156,11266308,0.0,GE,consumer_goods
2022-05-10,46.103248596191406,46.53936004638672,44.32141876220703,45.67336654663086,45.22430419921875,10974181,0.0,GE,consumer_goods
2022-05-11,45.9537239074707,46.464595794677734,44.894596099853516,45.13134002685547,44.68761444091797,12465152,0.0,GE,consumer_goods
2022-05-12,44.695228576660156,46.23408126831055,44.340110778808594,45.6546745300293,45.2057991027832,13844409,0.0,GE,consumer_goods
2022-05-13,46.34622573852539,47.330589294433594,46.19670104980469,46.757415771484375,46.297698974609375,8309406,0.0,GE,consumer_goods
2022-05-16,46.296382904052734,46.97547149658203,45.93503189086914,46.49574661254883,46.03860855102539,10451563,0.0,GE,consumer_goods
2022-05-17,47.4801139831543,48.096900939941406,47.218448638916016,47.598487854003906,47.13050842285156,7218585,0.0,GE,consumer_goods
2022-05-18,47.1312255859375,47.673248291015625,46.61412048339844,46.850868225097656,46.390235900878906,11337253,0.0,GE,consumer_goods
2022-05-19,46.72626495361328,47.68571090698242,46.38360595703125,47.18729782104492,46.72336196899414,9992827,0.0,GE,consumer_goods
2022-05-20,47.41781234741211,47.623409271240234,45.64844512939453,46.88201904296875,46.421085357666016,11782667,0.0,GE,consumer_goods
2022-05-23,47.36174011230469,47.598487854003906,46.73249435424805,47.01285171508789,46.55062484741211,8467508,0.0,GE,consumer_goods
2022-05-24,46.558048248291016,46.64527130126953,44.894596099853516,46.427215576171875,45.97074890136719,9837776,0.0,GE,consumer_goods
2022-05-25,45.773048400878906,46.470829010009766,45.24348449707031,46.433448791503906,45.97692108154297,11389740,0.0,GE,consumer_goods
2022-05-26,46.86332702636719,48.41463851928711,46.53936004638672,47.9785270690918,47.506805419921875,7528368,0.0,GE,consumer_goods
2022-05-27,48.15297317504883,49.081268310546875,47.966068267822266,49.068809509277344,48.58636474609375,7819853,0.0,GE,consumer_goods
2022-05-31,48.56416320800781,49.24325180053711,48.4457893371582,48.7759895324707,48.296424865722656,8332038,0.0,GE,consumer_goods
2022-06-01,49.26817321777344,49.49245834350586,47.7791633605957,48.296268463134766,47.821414947509766,9514991,0.0,GE,consumer_goods
2022-06-02,48.6077766418457,49.006507873535156,48.07821273803711,48.595314025878906,48.117530822753906,9897164,0.0,GE,consumer_goods
2022-06-03,47.8103141784668,48.06575012207031,47.14368438720703,47.953609466552734,47.48212432861328,8463013,0.0,GE,consumer_goods
2022-06-06,48.53924560546875,48.7759895324707,47.829002380371094,47.97229766845703,47.500640869140625,7614722,0.0,GE,consumer_goods
2022-06-07,47.91622543334961,48.68876647949219,47.45519256591797,48.595314025878906,48.117530822753906,8227386,0.0,GE,consumer_goods
2022-06-08,47.7791633605957,48.76976013183594,47.673248291015625,48.07197952270508,47.59934616088867,5418794,0.0,GE,consumer_goods
2022-06-09,47.90376663208008,48.003448486328125,46.57051086425781,46.589202880859375,46.13113784790039,8114548,0.0,GE,consumer_goods
2022-06-10,45.49269104003906,45.57991409301758,44.07221221923828,44.37749099731445,43.9411735534668,15384656,0.0,GE,consumer_goods
2022-06-13,43.28097915649414,43.61117935180664,41.82935333251953,42.19070053100586,41.775882720947266,15183217,0.0,GE,consumer_goods
2022-06-14,42.3339958190918,42.932090759277344,42.072330474853516,42.396297454833984,41.979461669921875,8634919,0.0,GE,consumer_goods
2022-06-15,42.96324157714844,43.62363815307617,42.240543365478516,43.05046463012695,42.627193450927734,10576600,0.0,GE,consumer_goods
2022-06-16,41.76081848144531,41.89165496826172,40.40264129638672,40.6767692565918,40.276832580566406,14550650,0.0,GE,consumer_goods
2022-06-17,40.61446762084961,41.57391357421875,40.20950698852539,41.11911392211914,40.71483612060547,14449368,0.0,GE,consumer_goods
2022-06-21,42.028717041015625,42.40252685546875,40.938438415527344,40.96335983276367,40.56060791015625,12972362,0.0,GE,consumer_goods
2022-06-22,39.98522186279297,40.745304107666016,39.9789924621582,40.20950698852539,39.81416702270508,15573094,0.0,GE,consumer_goods
2022-06-23,40.10359573364258,40.545936584472656,39.299903869628906,39.916690826416016,39.524227142333984,10841280,0.0,GE,consumer_goods
2022-06-24,40.284271240234375,42.34645462036133,40.13474655151367,41.791969299316406,41.38106918334961,16044991,0.0,GE,consumer_goods
2022-06-27,42.03494644165039,42.3028450012207,41.20633316040039,41.56145477294922,41.201961517333984,10911904,0.0,GE,consumer_goods
2022-06-28,42.02248764038086,42.645503997802734,40.72038269042969,41.044349670410156,40.6893310546875,11313819,0.0,GE,consumer_goods
2022-06-29,40.950897216796875,41.11911392211914,39.42450714111328,39.6799430847168,39.336727142333984,11088303,0.0,GE,consumer_goods
2022-06-30,38.969703674316406,39.72355651855469,38.47751998901367,39.667484283447266,39.32437515258789,13967359,0.0,GE,consumer_goods
2022-07-01,39.55533981323242,40.20950698852539,38.757877349853516,39.586490631103516,39.244075775146484,10997455,0.0,GE,consumer_goods
2022-07-05,38.3217658996582,38.69557571411133,37.337398529052734,38.64573669433594,38.31145477294922,12889860,0.0,GE,consumer_goods
2022-07-06,38.3529167175293,38.8513298034668,37.8358154296875,38.35914611816406,38.02735137939453,7852596,0.0,GE,consumer_goods
2022-07-07,38.9821662902832,39.3310546875,38.589664459228516,39.25006103515625,38.91055679321289,10110160,0.0,GE,consumer_goods
2022-07-08,39.17530059814453,40.109825134277344,38.75164794921875,39.40581512451172,39.06496810913086,9940822,0.0,GE,consumer_goods
2022-07-11,38.87002182006836,39.0133171081543,38.26569747924805,38.57097244262695,38.23734664916992,7662393,0.0,GE,consumer_goods
2022-07-12,38.0040283203125,40.203277587890625,38.0040283203125,39.26252365112305,38.922916412353516,11678496,0.0,GE,consumer_goods
2022-07-13,38.65819549560547,39.06315612792969,38.13486099243164,38.63327407836914,38.29910659790039,6961770,0.0,GE,consumer_goods
2022-07-14,38.0040283203125,38.10371017456055,37.381011962890625,38.06010055541992,37.73089599609375,8179393,0.0,GE,consumer_goods
2022-07-15,38.67688751220703,39.243831634521484,37.997798919677734,39.162841796875,38.8240966796875,9391720,0.0,GE,consumer_goods
2022-07-18,40.11605453491211,40.55839920043945,39.455657958984375,39.67371368408203,39.33054733276367,10607899,0.0,GE,consumer_goods
2022-07-19,40.18458557128906,41.61752700805664,40.17212677001953,41.58014678955078,41.22049331665039,10070675,0.0,GE,consumer_goods
2022-07-20,41.3060188293457,42.53959274291992,41.150264739990234,42.29661560058594,41.930763244628906,11004036,0.0,GE,consumer_goods
2022-07-21,42.17824172973633,42.57697296142578,41.8044319152832,42.44614028930664,42.07899856567383,9551106,0.0,GE,consumer_goods
2022-07-22,42.61435317993164,42.83863830566406,42.265464782714844,42.4835205078125,42.116050720214844,9009387,0.0,GE,consumer_goods
2022-07-25,41.97887420654297,42.94455337524414,41.76081848144531,42.58943176269531,42.221046447753906,9468604,0.0,GE,consumer_goods
2022-07-26,43.41181564331055,45.71074676513672,43.08161544799805,44.551937103271484,44.16658020019531,28957643,0.0,GE,consumer_goods
2022-07-27,44.857215881347656,45.106422424316406,43.67348098754883,44.59554672241211,44.20981216430664,11570152,0.0,GE,consumer_goods
2022-07-28,46.44590759277344,46.663963317871094,45.42416000366211,45.56745147705078,45.17331314086914,18063717,0.0,GE,consumer_goods
2022-07-29,45.48023223876953,46.427215576171875,45.1251106262207,46.047176361083984,45.64888381958008,12729511,0.0,GE,consumer_goods
2022-08-01,45.667137145996094,47.56733703613281,45.28709411621094,47.22467803955078,46.816200256347656,14685317,0.0,GE,consumer_goods
2022-08-02,46.875789642333984,47.38043212890625,46.3026123046875,46.32753372192383,45.92681884765625,9290599,0.0,GE,consumer_goods
2022-08-03,46.676422119140625,46.913169860839844,46.140628814697266,46.56428146362305,46.16151428222656,9678390,0.0,GE,consumer_goods
2022-08-04,46.40852737426758,46.508209228515625,45.82912063598633,45.89765167236328,45.50065231323242,6942669,0.0,GE,consumer_goods
2022-08-05,45.74812698364258,46.75118637084961,45.604835510253906,46.32753372192383,45.92681884765625,7447953,0.0,GE,consumer_goods
2022-08-08,47.27452087402344,47.835235595703125,46.639041900634766,46.83840560913086,46.43326950073242,9833442,0.0,GE,consumer_goods
2022-08-09,46.95677947998047,47.40535354614258,46.64527130126953,46.68265151977539,46.27885818481445,7581496,0.0,GE,consumer_goods
2022-08-10,47.4801139831543,48.47071075439453,47.293209075927734,48.05952072143555,47.643821716308594,16331500,0.0,GE,consumer_goods
2022-08-11,48.595314025878906,49.34916687011719,48.57039260864258,49.156028747558594,48.73084259033203,14557872,0.0,GE,consumer_goods
2022-08-12,49.39900588989258,49.82265853881836,48.9442024230957,49.79773712158203,49.367000579833984,8273452,0.0,GE,consumer_goods
2022-08-15,49.411468505859375,49.93479919433594,49.26817321777344,49.72297668457031,49.29289245605469,5467107,0.0,GE,consumer_goods
2022-08-16,49.41769790649414,50.65127182006836,49.3055534362793,50.50797653198242,50.07109832763672,9268610,0.0,GE,consumer_goods
2022-08-17,49.87873077392578,50.078094482421875,49.38031768798828,49.791507720947266,49.36082458496094,6485057,0.0,GE,consumer_goods
2022-08-18,49.698055267333984,49.7728157043457,49.22456359863281,49.34916687011719,48.92231369018555,6421014,0.0,GE,consumer_goods
2022-08-19,48.906822204589844,48.962894439697266,48.1405143737793,48.42087173461914,48.002044677734375,5801930,0.0,GE,consumer_goods
2022-08-22,47.430274963378906,47.45519256591797,46.32753372192383,46.589202880859375,46.18621826171875,8143279,0.0,GE,consumer_goods
2022-08-23,46.720035552978516,48.159202575683594,46.676422119140625,47.411582946777344,47.00148391723633,7642490,0.0,GE,consumer_goods
2022-08-24,47.44273376464844,48.14674377441406,47.27452087402344,47.8103141784668,47.39677810668945,7649392,0.0,GE,consumer_goods
2022-08-25,48.20281219482422,49.64198303222656,48.16543197631836,48.68253707885742,48.261451721191406,8349212,0.0,GE,consumer_goods
2022-08-26,48.83829116821289,48.98158645629883,46.85709762573242,46.89447784423828,46.488853454589844,8628819,0.0,GE,consumer_goods
2022-08-29,46.626583099365234,47.872615814208984,46.27769088745117,47.38043212890625,46.97060775756836,7868808,0.0,GE,consumer_goods
2022-08-30,47.82277297973633,48.084442138671875,46.308841705322266,46.80725860595703,46.40238952636719,6886330,0.0,GE,consumer_goods
2022-08-31,46.9817008972168,47.218448638916016,45.70451736450195,45.754356384277344,45.35859298706055,10274200,0.0,GE,consumer_goods
2022-09-01,45.635986328125,45.635986328125,44.50209426879883,45.53007125854492,45.13625717163086,8002191,0.0,GE,consumer_goods
2022-09-02,45.972412109375,46.32753372192383,44.92574691772461,45.1251106262207,44.73479461669922,6479760,0.0,GE,consumer_goods
2022-09-06,45.16872024536133,45.255943298339844,44.32141876220703,44.9568977355957,44.56803512573242,6472859,0.0,GE,consumer_goods
2022-09-07,44.7949104309082,45.941261291503906,44.682769775390625,45.84157943725586,45.445068359375,5494394,0.0,GE,consumer_goods
2022-09-08,45.193641662597656,46.1530876159668,44.90705490112305,45.95995330810547,45.56241989135742,5810597,0.0,GE,consumer_goods
2022-09-09,46.433448791503906,46.70757293701172,45.90388107299805,46.12816619873047,45.72917556762695,10795534,0.0,GE,consumer_goods
2022-09-12,46.35868453979492,47.65456008911133,46.26523208618164,46.925628662109375,46.51974105834961,11661482,0.0,GE,consumer_goods
2022-09-13,45.642215728759766,46.01602554321289,43.99745178222656,44.13451385498047,43.75276565551758,11574005,0.0,GE,consumer_goods
2022-09-14,44.04729080200195,44.234195709228516,42.78879928588867,43.6298713684082,43.25248336791992,9968109,0.0,GE,consumer_goods
2022-09-15,43.474117279052734,44.103363037109375,42.8324089050293,42.932090759277344,42.56074523925781,7908775,0.0,GE,consumer_goods
2022-09-16,40.745304107666016,41.492923736572266,40.608238220214844,41.36208724975586,41.00431823730469,22966955,0.0,GE,consumer_goods
2022-09-19,40.86367416381836,42.04740905761719,40.782684326171875,41.77328109741211,41.41196060180664,8045047,0.0,GE,consumer_goods
2022-09-20,41.399471282958984,41.86673355102539,41.08173370361328,41.4866943359375,41.12784957885742,8379870,0.0,GE,consumer_goods
2022-09-21,41.75458908081055,41.78573989868164,40.59577941894531,40.63315963745117,40.281700134277344,10164733,0.0,GE,consumer_goods
2022-09-22,40.496097564697266,40.938438415527344,40.19704818725586,40.72038269042969,40.3681640625,11345279,0.0,GE,consumer_goods
2022-09-23,40.215736389160156,40.545936584472656,39.59272003173828,40.215736389160156,39.86788558959961,13124524,0.0,GE,consumer_goods
2022-09-26,40.203277587890625,41.21879577636719,40.00391387939453,40.09113311767578,39.793678283691406,16780605,0.0,GE,consumer_goods
2022-09-27,40.40264129638672,40.689231872558594,39.56780242919922,40.165897369384766,39.86788558959961,12596770,0.0,GE,consumer_goods
2022-09-28,40.489864349365234,40.533477783203125,39.991451263427734,40.15966796875,39.86170196533203,10686228,0.0,GE,consumer_goods
2022-09-29,39.72978591918945,39.941612243652344,38.577205657958984,39.08184814453125,38.7918815612793,14124337,0.0,GE,consumer_goods
2022-09-30,39.02577590942383,39.43073654174805,38.552284240722656,38.57097244262695,38.28479766845703,12709126,0.0,GE,consumer_goods
2022-10-03,39.10053634643555,40.109825134277344,38.720497131347656,39.623870849609375,39.32987976074219,8721754,0.0,GE,consumer_goods
2022-10-04,40.42133331298828,42.14086151123047,40.415103912353516,42.07855987548828,41.766361236572266,12441557,0.0,GE,consumer_goods
2022-10-05,41.54899215698242,42.49597930908203,41.150264739990234,42.016258239746094,41.70451736450195,9327837,0.0,GE,consumer_goods
2022-10-06,41.57391357421875,42.04117965698242,40.988277435302734,41.25617599487305,40.9500732421875,7953396,0.0,GE,consumer_goods
2022-10-07,40.876136779785156,40.98204803466797,39.93538284301758,40.22196960449219,39.92353820800781,6856315,0.0,GE,consumer_goods
2022-10-10,40.52724838256836,40.88236618041992,39.91046142578125,40.48363494873047,40.183265686035156,5764210,0.0,GE,consumer_goods
2022-10-11,40.1783561706543,40.6580810546875,39.299903869628906,39.873077392578125,39.577239990234375,8500412,0.0,GE,consumer_goods
2022-10-12,39.6799430847168,40.75776290893555,39.28744125366211,40.334110260009766,40.03485107421875,8598323,0.0,GE,consumer_goods
2022-10-13,39.6799430847168,42.58943176269531,39.36843490600586,42.32776641845703,42.01371383666992,12818915,0.0,GE,consumer_goods
2022-10-14,42.55205154418945,42.85110092163086,41.860504150390625,42.09724807739258,41.784908294677734,9106174,0.0,GE,consumer_goods
2022-10-17,42.95701217651367,43.72955322265625,42.6330451965332,42.75764846801758,42.44041061401367,8251944,0.0,GE,consumer_goods
2022-10-18,43.72955322265625,44.32141876220703,43.567569732666016,44.04729080200195,43.72047805786133,9806637,0.0,GE,consumer_goods
2022-10-19,43.779396057128906,44.221736907958984,43.199989318847656,43.94137954711914,43.6153564453125,8408280,0.0,GE,consumer_goods
2022-10-20,44.08467483520508,44.61423873901367,43.50526809692383,43.592491149902344,43.2690544128418,9609852,0.0,GE,consumer_goods
2022-10-21,43.61117935180664,45.417930603027344,43.45542526245117,45.36808776855469,45.03147506713867,10352529,0.0,GE,consumer_goods
2022-10-24,45.48023223876953,46.3026123046875,45.336936950683594,45.70451736450195,45.365413665771484,10913990,0.0,GE,consumer_goods
2022-10-25,46.72626495361328,46.88201904296875,44.28403854370117,45.48023223876953,45.142791748046875,15445168,0.0,GE,consumer_goods
2022-10-26,45.66090774536133,47.741783142089844,45.598602294921875,47.01285171508789,46.66404342651367,12975572,0.0,GE,consumer_goods
2022-10-27,47.53618621826172,48.36479949951172,47.2807502746582,47.349281311035156,46.99797439575195,10105505,0.0,GE,consumer_goods
2022-10-28,47.7791633605957,48.82583236694336,47.71063232421875,48.80091094970703,48.4388313293457,8648081,0.0,GE,consumer_goods
2022-10-31,48.458251953125,49.13111114501953,48.3087272644043,48.4769401550293,48.11726760864258,10585428,0.0,GE,consumer_goods
2022-11-01,48.9442024230957,49.89741897583008,48.252655029296875,48.72615051269531,48.364627838134766,9174391,0.0,GE,consumer_goods
2022-11-02,48.65138626098633,49.62952423095703,48.14674377441406,48.22150421142578,47.86372375488281,10230221,0.0,GE,consumer_goods
2022-11-03,47.89130783081055,49.081268310546875,47.70439910888672,48.832061767578125,48.46975326538086,13947456,0.0,GE,consumer_goods
2022-11-04,49.83511734008789,50.564048767089844,49.486228942871094,50.50797653198242,50.13323211669922,11558435,0.0,GE,consumer_goods
2022-11-07,50.53289794921875,52.233734130859375,50.50797653198242,51.996986389160156,51.61118698120117,12864178,0.0,GE,consumer_goods
2022-11-08,52.20881271362305,52.7757568359375,51.49234390258789,52.33341598510742,51.945125579833984,10052376,0.0,GE,consumer_goods
2022-11-09,51.84746170043945,52.825599670410156,51.64809799194336,51.80385208129883,51.41949462890625,7961743,0.0,GE,consumer_goods
2022-11-10,53.099727630615234,53.37385559082031,52.4268684387207,53.193180084228516,52.79851150512695,13786304,0.0,GE,consumer_goods
2022-11-11,53.442386627197266,54.06540298461914,53.04988479614258,53.772586822509766,53.37361526489258,12490513,0.0,GE,consumer_goods
2022-11-14,53.56698989868164,54.264766693115234,53.37385559082031,53.47353744506836,53.07678985595703,7906367,0.0,GE,consumer_goods
2022-11-15,53.91587829589844,54.58873748779297,53.716514587402344,54.28968811035156,53.88688278198242,7913108,0.0,GE,consumer_goods
2022-11-16,54.096553802490234,54.15885543823242,52.73837661743164,52.89413070678711,52.501678466796875,7629328,0.0,GE,consumer_goods
2022-11-17,52.17766189575195,53.4361572265625,51.84123229980469,53.19940948486328,52.804691314697266,7466411,0.0,GE,consumer_goods
2022-11-18,53.884727478027344,54.29591751098633,52.862979888916016,53.2554817199707,52.860347747802734,6555521,0.0,GE,consumer_goods
2022-11-21,53.02496337890625,53.57944869995117,52.7882194519043,53.51091766357422,53.113895416259766,5247691,0.0,GE,consumer_goods
2022-11-22,53.766353607177734,54.570045471191406,53.57944869995117,54.389373779296875,53.985836029052734,6797569,0.0,GE,consumer_goods
2022-11-23,54.22115707397461,54.80056381225586,54.16508483886719,54.74449157714844,54.33831787109375,5867738,0.0,GE,consumer_goods
2022-11-25,54.638580322265625,55.06222915649414,54.42052459716797,54.91270446777344,54.505279541015625,3040207,0.0,GE,consumer_goods
2022-11-28,54.32706832885742,54.55135726928711,53.056114196777344,53.24925231933594,52.85416793823242,6876058,0.0,GE,consumer_goods
2022-11-29,53.4236946105957,53.52960968017578,52.93151092529297,53.36762237548828,52.97166442871094,7205262,0.0,GE,consumer_goods
2022-11-30,53.35516357421875,53.79750442504883,51.828773498535156,53.560760498046875,53.16336441040039,11654259,0.0,GE,consumer_goods
2022-12-01,53.71028137207031,53.95949172973633,52.87544250488281,53.11841583251953,52.724300384521484,6806718,0.0,GE,consumer_goods
2022-12-02,52.68853759765625,54.17131423950195,52.58885192871094,54.12770462036133,53.726104736328125,7191459,0.0,GE,consumer_goods
2022-12-05,53.479766845703125,53.610599517822266,52.719688415527344,52.744606018066406,52.353267669677734,7568656,0.0,GE,consumer_goods
2022-12-06,53.95949172973633,54.264766693115234,52.6262321472168,53.13087844848633,52.73667526245117,9444207,0.0,GE,consumer_goods
2022-12-07,52.9564323425293,53.62929153442383,52.84429168701172,52.9564323425293,52.56352615356445,7801715,0.0,GE,consumer_goods
2022-12-08,53.33024215698242,53.69782257080078,51.51726531982422,52.102901458740234,51.71632766723633,10334231,0.0,GE,consumer_goods
2022-12-09,52.0966682434082,52.20881271362305,50.669960021972656,50.74472427368164,50.36822509765625,8899117,0.0,GE,consumer_goods
2022-12-12,50.91293716430664,51.87238311767578,50.483055114746094,51.84123229980469,51.45659637451172,7480054,0.0,GE,consumer_goods
2022-12-13,52.68853759765625,52.89413070678711,51.04376983642578,51.63563537597656,51.252525329589844,12391318,0.0,GE,consumer_goods
2022-12-14,51.324127197265625,51.92222595214844,50.67618942260742,50.75718307495117,50.429264068603516,12271899,0.0,GE,consumer_goods
2022-12-15,49.88496017456055,50.59519958496094,48.906822204589844,49.09996032714844,48.78274917602539,15598294,0.0,GE,consumer_goods
2022-12-16,48.464481353759766,48.81336975097656,47.7791633605957,48.37725830078125,48.064720153808594,15978540,0.0,GE,consumer_goods
2022-12-19,48.1280517578125,48.81336975097656,48.096900939941406,48.632694244384766,48.318504333496094,7061125,0.0,GE,consumer_goods
2022-12-20,48.620235443115234,50.33976364135742,48.501861572265625,50.04694366455078,49.72361755371094,11196647,0.0,GE,consumer_goods
2022-12-21,50.48928451538086,52.077980041503906,50.445674896240234,51.697940826416016,51.36394119262695,12127441,0.0,GE,consumer_goods
2022-12-22,51.199527740478516,51.52972412109375,50.01579284667969,50.944087982177734,50.61496353149414,9730074,0.0,GE,consumer_goods
2022-12-23,50.906707763671875,51.330360412597656,50.43944549560547,50.95655059814453,50.62734603881836,5286213,0.0,GE,consumer_goods
2022-12-27,51.08738327026367,51.76647186279297,51.025081634521484,51.6107177734375,51.277286529541016,6804792,0.0,GE,consumer_goods
2022-12-28,51.70417022705078,51.81631088256836,50.65127182006836,51.06869125366211,50.73876190185547,6210907,0.0,GE,consumer_goods
2022-12-29,51.24313735961914,52.27734375,51.08738327026367,52.17766189575195,51.84056854248047,7088733,0.0,GE,consumer_goods
2022-12-30,51.654327392578125,52.352108001708984,51.57333755493164,52.20258331298828,51.865333557128906,6625342,0.0,GE,consumer_goods
2023-01-03,52.364566802978516,53.01250457763672,52.04682922363281,52.943973541259766,52.6019287109375,10280781,0.0,GE,consumer_goods
2023-01-04,54.59696578979492,56.02553939819336,53.27214813232422,56.02553939819336,55.6635856628418,21031104,0.0,GE,consumer_goods
2023-01-05,55.78611373901367,57.10295486450195,55.06783676147461,56.895450592041016,56.52787399291992,16001061,0.0,GE,consumer_goods
2023-01-06,57.47007369995117,57.725460052490234,56.46448516845703,57.414207458496094,57.04328155517578,13018044,0.0,GE,consumer_goods
2023-01-09,57.46208953857422,58.98643112182617,57.43016815185547,57.99680709838867,57.62211990356445,9488844,0.0,GE,consumer_goods
2023-01-10,57.621707916259766,60.151634216308594,57.621707916259766,60.07182693481445,59.68373107910156,11597142,0.0,GE,consumer_goods
2023-01-11,60.510772705078125,62.011173248291016,60.26336669921875,62.00319290161133,61.602622985839844,12729603,0.0,GE,consumer_goods
2023-01-12,62.15482711791992,63.21628189086914,61.683956146240234,62.93695068359375,62.53034973144531,14407871,0.0,GE,consumer_goods
2023-01-13,62.873104095458984,64.32562255859375,62.64963912963867,64.00638580322266,63.592872619628906,13843395,0.0,GE,consumer_goods
2023-01-17,63.782920837402344,64.37350463867188,63.65522766113281,64.23783111572266,63.822818756103516,10640727,0.0,GE,consumer_goods
2023-01-18,64.59696960449219,64.78850555419922,63.16041564941406,63.26416778564453,62.85545349121094,9816378,0.0,GE,consumer_goods
2023-01-19,62.20271301269531,62.84916305541992,61.189144134521484,61.340782165527344,60.944488525390625,13045860,0.0,GE,consumer_goods
2023-01-20,61.92338562011719,62.05107879638672,60.39105987548828,61.99521255493164,61.59469223022461,10351409,0.0,GE,consumer_goods
2023-01-23,61.93934631347656,63.862728118896484,61.883480072021484,63.6632080078125,63.25191116333008,13729748,0.0,GE,consumer_goods
2023-01-24,62.2505989074707,64.52513885498047,61.827613830566406,64.40542602539062,63.98933410644531,16767395,0.0,GE,consumer_goods
2023-01-25,63.67118835449219,64.92417907714844,63.39186096191406,64.47725677490234,64.06069946289062,10652380,0.0,GE,consumer_goods
2023-01-26,65.0279312133789,65.10774230957031,63.94253921508789,64.75658416748047,64.33821868896484,8158534,0.0,GE,consumer_goods
2023-01-27,64.64485168457031,67.0311279296875,64.5650405883789,66.4245834350586,65.99543762207031,9760244,0.0,GE,consumer_goods
2023-01-30,65.77014923095703,66.04149627685547,64.38148498535156,64.5091781616211,64.0924072265625,7175806,0.0,GE,consumer_goods
2023-01-31,64.2059097290039,64.57302856445312,63.42378234863281,64.22985076904297,63.81489562988281,8625026,0.0,GE,consumer_goods
2023-02-01,64.06224822998047,65.81803894042969,63.8547477722168,65.69832611083984,65.27388763427734,9112192,0.0,GE,consumer_goods
2023-02-02,65.59457397460938,67.06304931640625,65.36312866210938,66.99121856689453,66.55842590332031,10391129,0.0,GE,consumer_goods
2023-02-03,66.6480484008789,66.79170227050781,65.29927825927734,65.4110107421875,64.98841094970703,7240085,0.0,GE,consumer_goods
2023-02-06,65.01995086669922,65.7940902709961,64.83639526367188,65.7222671508789,65.29766845703125,5425114,0.0,GE,consumer_goods
2023-02-07,65.42697143554688,65.73822784423828,64.2777328491211,65.53072357177734,65.10736846923828,5891982,0.0,GE,consumer_goods
2023-02-08,65.1955337524414,65.92179107666016,64.88427734375,65.4110107421875,64.98841094970703,4269472,0.0,GE,consumer_goods
2023-02-09,65.71428680419922,65.94573211669922,64.19792175292969,64.47725677490234,64.06069946289062,4838334,0.0,GE,consumer_goods
2023-02-10,64.49321746826172,64.92417907714844,64.16600036621094,64.87629699707031,64.45716094970703,4373095,0.0,GE,consumer_goods
2023-02-13,64.8044662475586,66.17717742919922,64.70870208740234,65.98563385009766,65.559326171875,5114245,0.0,GE,consumer_goods
2023-02-14,65.54668426513672,66.88746643066406,65.4110107421875,66.67198944091797,66.24125671386719,6726731,0.0,GE,consumer_goods
2023-02-15,65.92977142333984,67.66959381103516,65.7940902709961,67.65363311767578,67.21656036376953,7305617,0.0,GE,consumer_goods
2023-02-16,66.72785186767578,67.4700698852539,66.22505950927734,67.07901000976562,66.64564514160156,5645893,0.0,GE,consumer_goods
2023-02-17,66.7118911743164,66.89545440673828,65.62649536132812,66.27294158935547,65.84478759765625,5543523,0.0,GE,consumer_goods
2023-02-21,65.55467224121094,66.54429626464844,65.29129791259766,65.65043640136719,65.2262954711914,5101965,0.0,GE,consumer_goods
2023-02-22,65.57063293457031,67.30247497558594,65.52274322509766,66.39265441894531,65.96372985839844,10829053,0.0,GE,consumer_goods
2023-02-23,66.632080078125,67.36631774902344,65.36312866210938,66.1931381225586,65.76549530029297,10120732,0.0,GE,consumer_goods
2023-02-24,65.25139617919922,66.863525390625,65.16360473632812,66.67996978759766,66.24917602539062,8704340,0.0,GE,consumer_goods
2023-02-27,67.03910827636719,67.72545623779297,66.632080078125,66.91141510009766,66.47911834716797,8007297,0.0,GE,consumer_goods
2023-02-28,66.73583221435547,68.35594940185547,66.60813903808594,67.60574340820312,67.1689682006836,11441143,0.0,GE,consumer_goods
2023-03-01,67.56584167480469,68.12450408935547,66.83958435058594,67.15084075927734,66.71701049804688,7512988,0.0,GE,consumer_goods
2023-03-02,66.7198715209961,68.41979217529297,66.54429626464844,68.41181182861328,67.96983337402344,8546337,0.0,GE,consumer_goods
2023-03-03,68.55546569824219,69.46528625488281,67.95690155029297,68.93854522705078,68.4931640625,9618780,0.0,GE,consumer_goods
2023-03-06,69.14604949951172,70.0877914428711,69.0103759765625,69.48124694824219,69.09635162353516,8084105,0.0,GE,consumer_goods
2023-03-07,69.40143585205078,69.89624786376953,68.71508026123047,68.94652557373047,68.5645980834961,8643445,0.0,GE,consumer_goods
2023-03-08,69.24980163574219,69.76057434082031,68.6911392211914,69.41739654541016,69.03285217285156,7598067,0.0,GE,consumer_goods
2023-03-09,71.79569244384766,75.77014923095703,71.64405059814453,73.07262420654297,72.6678466796875,35826152,0.0,GE,consumer_goods
2023-03-10,73.3439712524414,75.1795654296875,72.45809936523438,72.62569427490234,72.22338104248047,23152683,0.0,GE,consumer_goods
2023-03-13,71.58818817138672,72.41021728515625,69.96009826660156,71.00558471679688,70.61224365234375,14201502,0.0,GE,consumer_goods
2023-03-14,72.7613754272461,74.28571319580078,71.98722839355469,72.7613754272461,72.35831451416016,14218418,0.0,GE,consumer_goods
2023-03-15,71.02154541015625,71.63607025146484,68.99441528320312,71.63607025146484,71.23925018310547,15107797,0.0,GE,consumer_goods
2023-03-16,71.34876251220703,73.50359344482422,70.68635559082031,73.39984130859375,72.99324035644531,10183883,0.0,GE,consumer_goods
2023-03-17,73.25618743896484,73.2881088256836,71.3088607788086,72.0590591430664,71.6598892211914,12765689,0.0,GE,consumer_goods
2023-03-20,72.33040618896484,72.80925750732422,71.35674285888672,71.76376342773438,71.36621856689453,8705343,0.0,GE,consumer_goods
2023-03-21,72.60973358154297,74.25379180908203,72.5937728881836,73.56743621826172,73.15990447998047,8553980,0.0,GE,consumer_goods
2023-03-22,73.8148422241211,73.90263366699219,71.46847534179688,71.50039672851562,71.10432434082031,8784783,0.0,GE,consumer_goods
2023-03-23,72.33040618896484,74.18196105957031,72.25060272216797,73.09656524658203,72.69164276123047,10834691,0.0,GE,consumer_goods
2023-03-24,72.28252410888672,73.70310974121094,72.08300018310547,72.92098999023438,72.51703643798828,8342975,0.0,GE,consumer_goods
2023-03-27,73.64724731445312,74.7326431274414,73.5115737915039,74.46927642822266,74.05675506591797,7524516,0.0,GE,consumer_goods
2023-03-28,74.49321746826172,74.81244659423828,73.87071228027344,74.3335952758789,73.92182159423828,5023152,0.0,GE,consumer_goods
2023-03-29,74.99600982666016,75.35514831542969,74.75658416748047,75.06784057617188,74.6520004272461,6162254,0.0,GE,consumer_goods
2023-03-30,74.98004913330078,75.2673568725586,74.66879272460938,75.05985260009766,74.64405822753906,6623107,0.0,GE,consumer_goods
2023-03-31,75.44293975830078,76.35275268554688,75.2673568725586,76.29689025878906,75.87423706054688,9247391,0.0,GE,consumer_goods
2023-04-03,76.4166030883789,77.36631774902344,76.1053466796875,77.35035705566406,76.921875,6199468,0.0,GE,consumer_goods
2023-04-04,77.38228607177734,78.1085433959961,75.55467224121094,75.85794067382812,75.4377212524414,8554983,0.0,GE,consumer_goods
2023-04-05,75.80207824707031,76.07342529296875,74.74860382080078,75.21947479248047,74.80279541015625,10642230,0.0,GE,consumer_goods
2023-04-06,75.11572265625,75.33120727539062,74.65283203125,74.70072174072266,74.28691101074219,8025340,0.0,GE,consumer_goods
2023-04-10,74.88427734375,75.81005859375,74.70870208740234,75.30726623535156,74.89010620117188,7499832,0.0,GE,consumer_goods
2023-04-11,75.42697143554688,75.7861099243164,74.92417907714844,74.94812774658203,74.53295135498047,6663078,0.0,GE,consumer_goods
2023-04-12,75.22745513916016,75.55467224121094,74.86831665039062,75.09976196289062,74.68374633789062,8768118,0.0,GE,consumer_goods
2023-04-13,75.32322692871094,75.57063293457031,74.59696960449219,75.2593765258789,74.84246826171875,11044694,0.0,GE,consumer_goods
2023-04-14,74.90821838378906,76.32881164550781,74.86831665039062,76.16919708251953,75.74726104736328,7211767,0.0,GE,consumer_goods
2023-04-17,76.31285095214844,77.29449462890625,76.20111846923828,77.23064422607422,76.8028335571289,7676003,0.0,GE,consumer_goods
2023-04-18,77.4142074584961,78.6272964477539,77.30247497558594,78.58738708496094,78.15205383300781,8909832,0.0,GE,consumer_goods
2023-04-19,78.67517852783203,79.25778198242188,78.5474853515625,79.03431701660156,78.59650421142578,7038101,0.0,GE,consumer_goods
2023-04-20,79.24980163574219,80.18355560302734,79.05825805664062,79.6169204711914,79.17588806152344,8661237,0.0,GE,consumer_goods
2023-04-21,79.79249572753906,79.87230682373047,79.11412811279297,79.41739654541016,78.97745513916016,5112741,0.0,GE,consumer_goods
2023-04-24,79.4732666015625,80.42298126220703,79.4732666015625,79.92816925048828,79.48540496826172,7833505,0.0,GE,consumer_goods
2023-04-25,81.3647232055664,81.41261291503906,77.8531494140625,78.56344604492188,78.12824249267578,11649768,0.0,GE,consumer_goods
2023-04-26,78.3958511352539,78.57142639160156,76.68795013427734,76.78372192382812,76.3583755493164,8032357,0.0,GE,consumer_goods
2023-04-27,77.43016815185547,78.36392974853516,77.094970703125,78.26017761230469,77.82666015625,9348633,0.0,GE,consumer_goods
2023-04-28,77.51795959472656,79.58499908447266,77.31843566894531,78.98643493652344,78.54889678955078,6279159,0.0,GE,consumer_goods
2023-05-01,79.40143585205078,81.40463256835938,79.3056640625,80.75019836425781,80.3028793334961,7408237,0.0,GE,consumer_goods
2023-05-02,80.2952880859375,81.42857360839844,79.96009826660156,81.01356506347656,80.5647964477539,7485046,0.0,GE,consumer_goods
2023-05-03,81.3088607788086,82.16281127929688,80.85395050048828,81.2210693359375,80.77114868164062,5917543,0.0,GE,consumer_goods
2023-05-04,80.99760437011719,81.20510864257812,77.74142456054688,79.26576232910156,78.82667541503906,9055431,0.0,GE,consumer_goods
2023-05-05,80.27134704589844,81.21308898925781,79.60894012451172,80.0,79.55683898925781,6302841,0.0,GE,consumer_goods
2023-05-08,79.98403930664062,80.6943359375,79.98403930664062,80.5427017211914,80.0965347290039,4282128,0.0,GE,consumer_goods
2023-05-09,80.42298126220703,81.32482147216797,80.42298126220703,80.6065444946289,80.16002655029297,6520737,0.0,GE,consumer_goods
2023-05-10,80.9896240234375,81.1412582397461,78.57940673828125,79.44133758544922,79.00126647949219,5053224,0.0,GE,consumer_goods
2023-05-11,79.3296127319336,79.79249572753906,78.8667221069336,79.41739654541016,78.97745513916016,5117628,0.0,GE,consumer_goods
2023-05-12,79.4732666015625,79.80845642089844,77.98084259033203,78.85076141357422,78.41397857666016,4332874,0.0,GE,consumer_goods
2023-05-15,79.12210845947266,81.65203857421875,79.02633666992188,81.40463256835938,80.95368957519531,7973716,0.0,GE,consumer_goods
2023-05-16,80.79010772705078,81.58818817138672,80.51875305175781,80.71029663085938,80.26319885253906,5523851,0.0,GE,consumer_goods
2023-05-17,81.3008804321289,82.66560363769531,81.04549407958984,82.57781219482422,82.12037658691406,6871703,0.0,GE,consumer_goods
2023-05-18,82.11492156982422,83.22425842285156,81.18914794921875,83.00878143310547,82.54895782470703,5772320,0.0,GE,consumer_goods
2023-05-19,83.41580200195312,84.42138671875,82.87310791015625,83.20829772949219,82.74736785888672,7230687,0.0,GE,consumer_goods
2023-05-22,83.08060455322266,84.54907989501953,83.08060455322266,83.43974304199219,82.97752380371094,4996087,0.0,GE,consumer_goods
2023-05-23,82.88906860351562,83.11253356933594,80.83000946044922,81.16520690917969,80.71558380126953,5738239,0.0,GE,consumer_goods
2023-05-24,80.83000946044922,80.98164367675781,79.73663330078125,80.59058380126953,80.14414978027344,6275400,0.0,GE,consumer_goods
2023-05-25,80.92578125,81.47645568847656,80.23942565917969,81.02154541015625,80.5727310180664,6737506,0.0,GE,consumer_goods
2023-05-26,81.0774154663086,82.96089172363281,81.05347442626953,81.99520874023438,81.54100036621094,6796523,0.0,GE,consumer_goods
2023-05-30,82.21867370605469,82.25857543945312,80.33519744873047,81.72386169433594,81.27114868164062,7098370,0.0,GE,consumer_goods
2023-05-31,80.86193084716797,81.27693176269531,79.57701873779297,81.02952575683594,80.58065795898438,13358734,0.0,GE,consumer_goods
2023-06-01,80.77413940429688,83.93455505371094,80.66240692138672,83.53551483154297,83.07276153564453,7797043,0.0,GE,consumer_goods
2023-06-02,84.19792175292969,85.16360473632812,83.4317626953125,84.43734741210938,83.9696044921875,7477278,0.0,GE,consumer_goods
2023-06-05,84.43734741210938,84.43734741210938,83.08060455322266,83.08060455322266,82.6203842163086,5108732,0.0,GE,consumer_goods
2023-06-06,83.26416778564453,84.68475341796875,83.08060455322266,84.16600036621094,83.69976043701172,7794036,0.0,GE,consumer_goods
2023-06-07,85.10774230957031,85.65841674804688,84.30965423583984,84.66081237792969,84.19183349609375,9121088,0.0,GE,consumer_goods
2023-06-08,84.46927642822266,85.57063293457031,84.30167388916016,84.65283203125,84.18389892578125,4477596,0.0,GE,consumer_goods
2023-06-09,84.82841491699219,85.0359115600586,83.86273193359375,84.83639526367188,84.36643981933594,4365076,0.0,GE,consumer_goods
2023-06-12,84.84437561035156,85.30726623535156,84.31763458251953,84.78052520751953,84.31088256835938,4677449,0.0,GE,consumer_goods
2023-06-13,84.62091064453125,85.51476287841797,84.44532775878906,85.18755340576172,84.71565246582031,5411582,0.0,GE,consumer_goods
2023-06-14,85.17158508300781,85.23543548583984,82.9688720703125,83.55945587158203,83.0965805053711,6429268,0.0,GE,consumer_goods
2023-06-15,83.3519515991211,84.30965423583984,82.9928207397461,84.1260986328125,83.66007995605469,8733159,0.0,GE,consumer_goods
2023-06-16,84.55706024169922,86.91141510009766,84.54907989501953,84.82841491699219,84.35850524902344,13731752,0.0,GE,consumer_goods
2023-06-20,84.66081237792969,84.76456451416016,82.5299301147461,83.01676177978516,82.55689239501953,8068443,0.0,GE,consumer_goods
2023-06-21,82.71348571777344,84.34956359863281,82.66560363769531,83.83878326416016,83.37435913085938,5983576,0.0,GE,consumer_goods
2023-06-22,83.52753448486328,84.42936706542969,83.5115737915039,83.65522766113281,83.19182586669922,5292046,0.0,GE,consumer_goods
2023-06-23,82.27454376220703,83.29608917236328,81.9154052734375,82.8252182006836,82.36641693115234,7532911,0.0,GE,consumer_goods
2023-06-26,82.62569427490234,83.88667297363281,82.49002075195312,83.35993957519531,82.8981704711914,5326378,0.0,GE,consumer_goods
2023-06-27,83.50359344482422,83.96647644042969,83.2881088256836,83.73503875732422,83.27118682861328,5973427,0.0,GE,consumer_goods
2023-06-28,84.03032684326172,85.69034576416016,83.77494049072266,85.4349594116211,84.96168518066406,6009012,0.0,GE,consumer_goods
2023-06-29,84.77254486083984,86.05746459960938,84.62889099121094,85.98563385009766,85.50931549072266,4070746,0.0,GE,consumer_goods
2023-06-30,86.98323822021484,87.99681091308594,86.67198944091797,87.66959381103516,87.18394470214844,9250648,0.0,GE,consumer_goods
2023-07-03,87.03910827636719,87.25458526611328,85.6424560546875,86.4166030883789,85.93790435791016,3723916,0.0,GE,consumer_goods
2023-07-05,86.36871337890625,86.98323822021484,86.00159454345703,86.7118911743164,86.23155212402344,4588235,0.0,GE,consumer_goods
2023-07-06,86.20111846923828,86.79170227050781,85.28331756591797,85.69034576416016,85.21566009521484,4594375,0.0,GE,consumer_goods
2023-07-07,85.50678253173828,86.88746643066406,85.34716796875,86.40862274169922,85.92996215820312,4843847,0.0,GE,consumer_goods
2023-07-10,86.52034759521484,88.37191009521484,86.4884262084961,88.21228790283203,87.78849792480469,5805400,0.0,GE,consumer_goods
2023-07-11,88.37191009521484,89.0103759765625,87.97286224365234,88.76296997070312,88.33654022216797,4746113,0.0,GE,consumer_goods
2023-07-12,88.81883239746094,89.36153411865234,88.49960327148438,88.74700927734375,88.3206558227539,5403938,0.0,GE,consumer_goods
2023-07-13,88.78691101074219,89.2418212890625,88.44373321533203,88.81085205078125,88.38419342041016,3477075,0.0,GE,consumer_goods
2023-07-14,88.58738708496094,88.76296997070312,87.81324768066406,88.01277160644531,87.5899429321289,3405529,0.0,GE,consumer_goods
2023-07-17,88.12450408935547,89.50518798828125,87.90901947021484,88.6991195678711,88.27300262451172,4557412,0.0,GE,consumer_goods
2023-07-18,88.50758361816406,89.24980163574219,88.20430755615234,88.6352767944336,88.20946502685547,4476718,0.0,GE,consumer_goods
2023-07-19,88.05267333984375,88.43575286865234,86.85554504394531,87.7015151977539,87.28018188476562,5604920,0.0,GE,consumer_goods
2023-07-20,87.82122802734375,89.25778198242188,87.75738525390625,88.7789306640625,88.35243225097656,5158852,0.0,GE,consumer_goods
2023-07-21,88.93854522705078,89.28970336914062,87.6456527709961,88.05267333984375,87.62965393066406,10277106,0.0,GE,consumer_goods
2023-07-24,88.1085433959961,88.57142639160156,87.83718872070312,87.98883056640625,87.56611633300781,6687261,0.0,GE,consumer_goods
2023-07-25,91.38068389892578,94.14205932617188,90.68635559082031,93.50359344482422,93.05438995361328,21329067,0.0,GE,consumer_goods
2023-07-26,93.48763275146484,93.68714904785156,90.5427017211914,91.55626678466797,91.11642456054688,9449750,0.0,GE,consumer_goods
2023-07-27,92.22665405273438,93.5833969116211,91.72386169433594,92.11492156982422,91.67239379882812,7752311,0.0,GE,consumer_goods
2023-07-28,92.20271301269531,92.45809936523438,90.99760437011719,91.29290008544922,90.85431671142578,5600785,0.0,GE,consumer_goods
2023-07-31,91.33280181884766,91.58020782470703,90.7581787109375,91.17318725585938,90.73518371582031,5169252,0.0,GE,consumer_goods
2023-08-01,90.73423767089844,91.1412582397461,89.60095977783203,90.35913848876953,89.925048828125,6595040,0.0,GE,consumer_goods
2023-08-02,90.15961456298828,90.58260345458984,89.3296127319336,89.36153411865234,88.9322280883789,5377375,0.0,GE,consumer_goods
2023-08-03,89.24980163574219,90.3192367553711,89.02633666992188,89.67278289794922,89.24198150634766,4347409,0.0,GE,consumer_goods
2023-08-04,90.03990173339844,90.87789154052734,89.22586059570312,90.2314453125,89.79795837402344,6118274,0.0,GE,consumer_goods
2023-08-07,90.6145248413086,91.76376342773438,90.6145248413086,91.56424713134766,91.1243667602539,4140914,0.0,GE,consumer_goods
2023-08-08,91.29290008544922,91.64405059814453,90.27932739257812,90.62250518798828,90.18714141845703,4735463,0.0,GE,consumer_goods
2023-08-09,90.9018325805664,90.92578125,89.36951446533203,89.52114868164062,89.09107208251953,3900213,0.0,GE,consumer_goods
2023-08-10,89.74461364746094,91.81165313720703,89.74461364746094,90.63846588134766,90.20303344726562,5853515,0.0,GE,consumer_goods
2023-08-11,90.6145248413086,92.09098052978516,90.5427017211914,91.46049499511719,91.02110290527344,4463437,0.0,GE,consumer_goods
2023-08-14,91.38068389892578,92.45809936523438,91.1412582397461,92.21867370605469,91.77564239501953,4916020,0.0,GE,consumer_goods
2023-08-15,91.50039672851562,91.50837707519531,90.55866241455078,90.86193084716797,90.42543029785156,4276614,0.0,GE,consumer_goods
2023-08-16,90.76615905761719,92.05107879638672,90.55866241455078,90.63846588134766,90.20303344726562,4614924,0.0,GE,consumer_goods
2023-08-17,90.96568298339844,91.29290008544922,88.53950500488281,88.55546569824219,88.1300277709961,5734981,0.0,GE,consumer_goods
2023-08-18,88.02873229980469,89.3296127319336,87.80526733398438,89.21788024902344,88.78927612304688,5651281,0.0,GE,consumer_goods
2023-08-21,89.41739654541016,89.7685546875,88.60335540771484,89.40143585205078,88.97193908691406,3686075,0.0,GE,consumer_goods
2023-08-22,89.50518798828125,90.22346496582031,88.4596939086914,89.11412811279297,88.68601989746094,3308421,0.0,GE,consumer_goods
2023-08-23,88.98643493652344,90.79010772705078,88.98643493652344,90.55866241455078,90.12360382080078,3568043,0.0,GE,consumer_goods
2023-08-24,90.34317779541016,90.94972229003906,88.60335540771484,88.61931610107422,88.1935806274414,4211960,0.0,GE,consumer_goods
2023-08-25,88.94652557373047,89.6807632446289,87.96488189697266,89.36153411865234,88.9322280883789,3903596,0.0,GE,consumer_goods
2023-08-28,89.82442474365234,91.20510864257812,89.50518798828125,90.94972229003906,90.51277923583984,3524313,0.0,GE,consumer_goods
2023-08-29,90.71827697753906,92.31444549560547,90.11971282958984,92.04309844970703,91.60092163085938,5833091,0.0,GE,consumer_goods
2023-08-30,91.66001892089844,92.24261474609375,90.94174194335938,91.22904968261719,90.790771484375,6086573,0.0,GE,consumer_goods
2023-08-31,91.44453430175781,91.73184204101562,90.83000946044922,91.34876251220703,90.90991973876953,5218620,0.0,GE,consumer_goods
2023-09-01,91.79569244384766,92.1468505859375,90.6065444946289,91.17318725585938,90.73518371582031,4435119,0.0,GE,consumer_goods
2023-09-05,90.73423767089844,91.1332778930664,89.63288116455078,90.0877914428711,89.65499877929688,4406550,0.0,GE,consumer_goods
2023-09-06,90.06385040283203,91.03751373291016,89.3296127319336,89.92816925048828,89.49613952636719,5018014,0.0,GE,consumer_goods
2023-09-07,89.56105041503906,90.30326843261719,88.91460418701172,89.21788024902344,88.78927612304688,4139035,0.0,GE,consumer_goods
2023-09-08,88.98643493652344,89.40941619873047,88.76296997070312,89.1620101928711,88.7336654663086,3170967,0.0,GE,consumer_goods
2023-09-11,89.58499908447266,91.2210693359375,89.48124694824219,91.18914794921875,90.75106811523438,5272499,0.0,GE,consumer_goods
2023-09-12,91.18116760253906,93.23224639892578,90.98164367675781,91.77973175048828,91.33880615234375,5275255,0.0,GE,consumer_goods
2023-09-13,91.5323257446289,92.0670394897461,89.89624786376953,90.66240692138672,90.22685241699219,3508651,0.0,GE,consumer_goods
2023-09-14,91.27693176269531,93.54349517822266,91.23703002929688,92.2984848022461,91.85507202148438,6637768,0.0,GE,consumer_goods
2023-09-15,92.11492156982422,92.50598907470703,91.1412582397461,92.17079162597656,91.72799682617188,8437076,0.0,GE,consumer_goods
2023-09-18,92.40223693847656,93.71907043457031,91.71588134765625,93.03272247314453,92.58578491210938,4700880,0.0,GE,consumer_goods
2023-09-19,92.5937728881836,93.12051391601562,91.95530700683594,92.74541473388672,92.29985809326172,3882045,0.0,GE,consumer_goods
2023-09-20,93.00080108642578,93.91061401367188,91.63607025146484,91.66001892089844,91.21968078613281,5134919,0.0,GE,consumer_goods
2023-09-21,90.94174194335938,91.25299072265625,89.43335723876953,90.17557525634766,89.74236297607422,5760292,0.0,GE,consumer_goods
2023-09-22,90.10375213623047,90.34317779541016,88.64325714111328,88.78691101074219,88.36036682128906,6249463,0.0,GE,consumer_goods
2023-09-25,88.36392974853516,89.35355377197266,88.29209899902344,89.1620101928711,88.79752349853516,4741101,0.0,GE,consumer_goods
2023-09-26,88.58738708496094,89.33759307861328,87.58978271484375,87.73343658447266,87.3747787475586,6022043,0.0,GE,consumer_goods
2023-09-27,88.29209899902344,89.07421875,87.90901947021484,88.49960327148438,88.13782501220703,5912656,0.0,GE,consumer_goods
2023-09-28,88.6352767944336,90.17557525634766,88.45171356201172,89.65682220458984,89.2903060913086,5518337,0.0,GE,consumer_goods
2023-09-29,89.88826751708984,89.98403930664062,87.71747589111328,88.2282485961914,87.8675765991211,4924165,0.0,GE,consumer_goods
2023-10-02,88.14844512939453,88.74700927734375,86.27294158935547,86.82362365722656,86.46869659423828,5389278,0.0,GE,consumer_goods
2023-10-03,86.44054412841797,87.78132629394531,85.42697143554688,86.00159454345703,85.6500244140625,8624900,0.0,GE,consumer_goods
2023-10-04,86.16919708251953,87.15882110595703,85.68236541748047,86.87150573730469,86.51637268066406,4876551,0.0,GE,consumer_goods
2023-10-05,86.4884262084961,87.11093139648438,85.53870391845703,86.76775360107422,86.41305541992188,4819539,0.0,GE,consumer_goods
2023-10-06,86.47246551513672,89.3056640625,86.15322875976562,88.96248626708984,88.59881591796875,5284026,0.0,GE,consumer_goods
2023-10-09,88.59536743164062,88.6991195678711,87.42218780517578,87.99681091308594,87.6370849609375,5418473,0.0,GE,consumer_goods
2023-10-10,88.75498962402344,90.17557525634766,88.4676742553711,88.97047424316406,88.60676574707031,5707039,0.0,GE,consumer_goods
2023-10-11,89.3854751586914,90.50279235839844,89.23384094238281,90.39105987548828,90.02154541015625,3580573,0.0,GE,consumer_goods
2023-10-12,90.58260345458984,90.77413940429688,88.3958511352539,88.85076141357422,88.487548828125,3861746,0.0,GE,consumer_goods
2023-10-13,88.82681274414062,88.96248626708984,86.7198715209961,87.29449462890625,86.93763732910156,4578337,0.0,GE,consumer_goods
2023-10-16,87.7015151977539,88.52354431152344,86.1851577758789,87.10295104980469,86.74687957763672,5616698,0.0,GE,consumer_goods
2023-10-17,86.79170227050781,88.33998107910156,86.24102020263672,87.80526733398438,87.44633483886719,4916647,0.0,GE,consumer_goods
2023-10-18,87.0071792602539,87.45410919189453,85.7222671508789,85.84996032714844,85.49901580810547,6080433,0.0,GE,consumer_goods
2023-10-19,85.92977142333984,87.07102966308594,85.13168334960938,85.35514831542969,85.0062255859375,5035055,0.0,GE,consumer_goods
2023-10-20,85.15562438964844,85.58659362792969,84.22187042236328,84.66081237792969,84.31472778320312,9714760,0.0,GE,consumer_goods
2023-10-23,84.98004913330078,86.43256378173828,84.75658416748047,85.14764404296875,84.79956817626953,7300229,0.0,GE,consumer_goods
2023-10-24,88.6272964477539,91.69194030761719,86.44852447509766,90.67837524414062,90.30768585205078,15904078,0.0,GE,consumer_goods
2023-10-25,91.24501037597656,91.24501037597656,88.65921783447266,88.74700927734375,88.38421630859375,8224191,0.0,GE,consumer_goods
2023-10-26,89.20191192626953,89.64086151123047,85.37110900878906,86.83160400390625,86.47663879394531,9738191,0.0,GE,consumer_goods
2023-10-27,87.1827621459961,87.66161346435547,84.38148498535156,84.87629699707031,84.52932739257812,6677237,0.0,GE,consumer_goods
2023-10-30,85.81005859375,88.1723861694336,85.7302474975586,87.6376724243164,87.2794189453125,5611435,0.0,GE,consumer_goods
2023-10-31,87.39824676513672,87.58978271484375,86.26496124267578,86.69593048095703,86.34152221679688,6349452,0.0,GE,consumer_goods
2023-11-01,86.43256378173828,86.45650482177734,84.46129608154297,85.59457397460938,85.24466705322266,12703791,0.0,GE,consumer_goods
2023-11-02,86.89545440673828,87.1747817993164,85.68236541748047,86.0175552368164,85.6659164428711,9398127,0.0,GE,consumer_goods
2023-11-03,86.632080078125,87.35035705566406,86.26496124267578,86.92737579345703,86.57202911376953,6941620,0.0,GE,consumer_goods
2023-11-06,87.22266387939453,89.28970336914062,86.62409973144531,89.20989227294922,88.84519958496094,6131806,0.0,GE,consumer_goods
2023-11-07,88.87470245361328,90.12769317626953,88.47565460205078,89.22586059570312,88.86111450195312,5237415,0.0,GE,consumer_goods
2023-11-08,89.54508972167969,91.02154541015625,89.37749481201172,90.86193084716797,90.4905014038086,6065021,0.0,GE,consumer_goods
2023-11-09,91.26097106933594,91.5961685180664,90.12769317626953,90.25538635253906,89.88642883300781,5786605,0.0,GE,consumer_goods
2023-11-10,90.76615905761719,92.22665405273438,90.33519744873047,91.99520874023438,91.61913299560547,4382618,0.0,GE,consumer_goods
2023-11-13,91.8914566040039,93.02474212646484,91.54828643798828,92.19473266601562,91.81784057617188,5753776,0.0,GE,consumer_goods
2023-11-14,92.97685241699219,93.82282257080078,92.23463439941406,93.5754165649414,93.1928939819336,6007634,0.0,GE,consumer_goods
2023-11-15,93.3439712524414,93.77494049072266,92.3543472290039,92.8172378540039,92.43780517578125,5245309,0.0,GE,consumer_goods
2023-11-16,93.0486831665039,94.94014739990234,92.8252182006836,94.92417907714844,94.53614044189453,5825072,0.0,GE,consumer_goods
2023-11-17,95.23543548583984,95.83399963378906,94.92417907714844,95.71428680419922,95.32301330566406,5186418,0.0,GE,consumer_goods
2023-11-20,95.71428680419922,96.36073303222656,95.48284149169922,95.82601928710938,95.43428802490234,5190678,0.0,GE,consumer_goods
2023-11-21,95.61053466796875,95.96967315673828,95.00399017333984,95.68236541748047,95.29122924804688,3506019,0.0,GE,consumer_goods
2023-11-22,95.69034576416016,96.16121673583984,95.2593765258789,95.45092010498047,95.06072235107422,3773785,0.0,GE,consumer_goods
2023-11-24,95.75418853759766,96.04948425292969,95.51476287841797,95.74620819091797,95.35480499267578,1981995,0.0,GE,consumer_goods
2023-11-27,95.53072357177734,96.0255355834961,95.22745513916016,95.74620819091797,95.35480499267578,3984415,0.0,GE,consumer_goods
2023-11-28,95.74620819091797,95.85794067382812,94.62091064453125,94.85235595703125,94.46460723876953,4378107,0.0,GE,consumer_goods
2023-11-29,95.38706970214844,95.53072357177734,94.53311920166016,94.86033630371094,94.47254943847656,3792831,0.0,GE,consumer_goods
2023-11-30,95.01197052001953,97.2386245727539,94.89225769042969,97.20670318603516,96.80933380126953,10174611,0.0,GE,consumer_goods
2023-12-01,97.12689208984375,98.36392974853516,96.9433364868164,97.76536560058594,97.36570739746094,5668572,0.0,GE,consumer_goods
2023-12-04,97.21468353271484,97.69353485107422,96.69593048095703,96.99121856689453,96.5947265625,4747116,0.0,GE,consumer_goods
2023-12-05,96.57621765136719,96.7118911743164,95.76216888427734,95.9537124633789,95.56146240234375,3688206,0.0,GE,consumer_goods
2023-12-06,96.632080078125,97.82920837402344,95.53072357177734,95.61851501464844,95.22763061523438,3964241,0.0,GE,consumer_goods
2023-12-07,95.37110900878906,95.7861099243164,94.30965423583984,95.35514831542969,94.96533966064453,5064626,0.0,GE,consumer_goods
2023-12-08,95.05187225341797,96.4245834350586,94.95610809326172,96.24102020263672,95.84759521484375,4925418,0.0,GE,consumer_goods
2023-12-11,96.24102020263672,96.49640655517578,95.48284149169922,95.99361419677734,95.6011962890625,4643869,0.0,GE,consumer_goods
2023-12-12,96.56025695800781,97.74939727783203,96.2569808959961,97.62171173095703,97.2226333618164,4664543,0.0,GE,consumer_goods
2023-12-13,97.4700698852539,97.65363311767578,96.1851577758789,96.7118911743164,96.31653594970703,5506309,0.0,GE,consumer_goods
2023-12-14,96.67198944091797,97.68555450439453,95.69034576416016,96.84756469726562,96.45166015625,10454155,0.0,GE,consumer_goods
2023-12-15,97.69353485107422,98.6991195678711,97.23064422607422,98.34796142578125,97.9459228515625,13586279,0.0,GE,consumer_goods
2023-12-18,98.6991195678711,98.83479309082031,98.24421691894531,98.67517852783203,98.27180480957031,5206215,0.0,GE,consumer_goods
2023-12-19,98.72306823730469,100.5427017211914,98.72306823730469,100.51077270507812,100.09988403320312,5957138,0.0,GE,consumer_goods
2023-12-20,100.10375213623047,100.73423767089844,98.33998107910156,98.4596939086914,98.05720520019531,6231921,0.0,GE,consumer_goods
2023-12-21,99.14604949951172,101.39664459228516,99.11412811279297,101.33280181884766,100.9185562133789,5185165,0.0,GE,consumer_goods
2023-12-22,101.66799926757812,102.17877197265625,100.70231628417969,101.10933685302734,100.69600677490234,4030650,0.0,GE,consumer_goods
2023-12-26,101.19712829589844,101.92338562011719,101.0694351196289,101.73184204101562,101.31597137451172,2480063,0.0,GE,consumer_goods
2023-12-27,101.27693176269531,102.48204040527344,101.23703002929688,102.31444549560547,101.9601821899414,3314310,0.0,GE,consumer_goods
2023-12-28,102.15483093261719,103.11253356933594,102.00318908691406,102.41021728515625,102.05561828613281,3965494,0.0,GE,consumer_goods
2023-12-29,102.34636688232422,102.53791046142578,101.32482147216797,101.85953521728516,101.50684356689453,4441133,0.0,GE,consumer_goods
